-- phpMyAdmin SQL Dump
-- version 4.4.12
-- http://www.phpmyadmin.net
--
-- Host: 127.0.0.1
-- Generation Time: 25-Ago-2015 às 15:12
-- Versão do servidor: 5.6.25
-- PHP Version: 5.6.11

SET SQL_MODE = "NO_AUTO_VALUE_ON_ZERO";
SET time_zone = "+00:00";


/*!40101 SET @OLD_CHARACTER_SET_CLIENT=@@CHARACTER_SET_CLIENT */;
/*!40101 SET @OLD_CHARACTER_SET_RESULTS=@@CHARACTER_SET_RESULTS */;
/*!40101 SET @OLD_COLLATION_CONNECTION=@@COLLATION_CONNECTION */;
/*!40101 SET NAMES utf8mb4 */;

--
-- Database: `rhuanny`
--

-- --------------------------------------------------------

--
-- Estrutura da tabela `ci_sessions`
--

CREATE TABLE IF NOT EXISTS `ci_sessions` (
  `id` varchar(40) NOT NULL,
  `ip_address` varchar(45) NOT NULL,
  `timestamp` int(10) unsigned NOT NULL DEFAULT '0',
  `data` text NOT NULL
) ENGINE=InnoDB DEFAULT CHARSET=latin1;

--
-- Extraindo dados da tabela `ci_sessions`
--

INSERT INTO `ci_sessions` (`id`, `ip_address`, `timestamp`, `data`) VALUES
('012af0f60636b0870ce5daf256b2fb6a37d8f846', '127.0.0.1', 1439904077, '__ci_last_regenerate|i:1439904074;nick|s:5:"admin";estaLogado|b:1;permissoes|a:10:{i:0;a:3:{s:2:"id";s:1:"2";s:3:"url";s:13:"usuario/index";s:6:"oculto";s:1:"0";}i:1;a:3:{s:2:"id";s:1:"3";s:3:"url";s:15:"usuario/mostrar";s:6:"oculto";s:1:"0";}i:2;a:3:{s:2:"id";s:1:"4";s:3:"url";s:17:"usuario/cadastrar";s:6:"oculto";s:1:"0";}i:3;a:3:{s:2:"id";s:1:"5";s:3:"url";s:15:"usuario/excluir";s:6:"oculto";s:1:"0";}i:4;a:3:{s:2:"id";s:1:"6";s:3:"url";s:14:"usuario/editar";s:6:"oculto";s:1:"0";}i:5;a:3:{s:2:"id";s:1:"7";s:3:"url";s:15:"permissao/index";s:6:"oculto";s:1:"0";}i:6;a:3:{s:2:"id";s:1:"8";s:3:"url";s:19:"permissao/cadastrar";s:6:"oculto";s:1:"0";}i:7;a:3:{s:2:"id";s:1:"9";s:3:"url";s:17:"permissao/alterar";s:6:"oculto";s:1:"0";}i:8;a:3:{s:2:"id";s:2:"10";s:3:"url";s:17:"permissao/excluir";s:6:"oculto";s:1:"0";}i:9;a:3:{s:2:"id";s:2:"11";s:3:"url";s:16:"permissao/editar";s:6:"oculto";s:1:"0";}}sidebarLinks|a:2:{s:7:"usuario";a:5:{i:0;s:5:"index";i:1;s:7:"mostrar";i:2;s:9:"cadastrar";i:3;s:7:"excluir";i:4;s:6:"editar";}s:9:"permissao";a:5:{i:0;s:5:"index";i:1;s:9:"cadastrar";i:2;s:7:"alterar";i:3;s:7:"excluir";i:4;s:6:"editar";}}'),
('026b05cc5ead47ffee966e1af248634ba86e5e9d', '127.0.0.1', 1439573977, '__ci_last_regenerate|i:1439573688;nick|s:5:"admin";estaLogado|b:1;permissoes|a:3:{i:0;a:3:{s:2:"id";s:1:"0";s:3:"url";s:19:"paginainicial/index";s:6:"oculto";s:1:"1";}i:1;a:3:{s:2:"id";s:1:"2";s:3:"url";s:13:"usuario/index";s:6:"oculto";s:1:"0";}i:2;a:3:{s:2:"id";s:1:"3";s:3:"url";s:15:"usuario/mostrar";s:6:"oculto";s:1:"0";}}sidebarLinks|a:1:{s:7:"usuario";s:7:"mostrar";}'),
('03c0b77a5a6033a8672d93c71e09013c29e39381', '127.0.0.1', 1440019211, '__ci_last_regenerate|i:1440019079;nick|s:5:"admin";estaLogado|b:1;permissoes|a:10:{i:0;a:3:{s:2:"id";s:1:"2";s:3:"url";s:13:"usuario/index";s:6:"oculto";s:1:"0";}i:1;a:3:{s:2:"id";s:1:"3";s:3:"url";s:15:"usuario/mostrar";s:6:"oculto";s:1:"0";}i:2;a:3:{s:2:"id";s:1:"4";s:3:"url";s:17:"usuario/cadastrar";s:6:"oculto";s:1:"0";}i:3;a:3:{s:2:"id";s:1:"5";s:3:"url";s:15:"usuario/excluir";s:6:"oculto";s:1:"0";}i:4;a:3:{s:2:"id";s:1:"6";s:3:"url";s:14:"usuario/editar";s:6:"oculto";s:1:"0";}i:5;a:3:{s:2:"id";s:1:"7";s:3:"url";s:15:"permissao/index";s:6:"oculto";s:1:"0";}i:6;a:3:{s:2:"id";s:1:"8";s:3:"url";s:19:"permissao/cadastrar";s:6:"oculto";s:1:"0";}i:7;a:3:{s:2:"id";s:1:"9";s:3:"url";s:17:"permissao/alterar";s:6:"oculto";s:1:"0";}i:8;a:3:{s:2:"id";s:2:"10";s:3:"url";s:17:"permissao/excluir";s:6:"oculto";s:1:"0";}i:9;a:3:{s:2:"id";s:2:"11";s:3:"url";s:16:"permissao/editar";s:6:"oculto";s:1:"0";}}sidebarLinks|a:2:{s:7:"usuario";a:5:{i:0;s:5:"index";i:1;s:7:"mostrar";i:2;s:9:"cadastrar";i:3;s:7:"excluir";i:4;s:6:"editar";}s:9:"permissao";a:5:{i:0;s:5:"index";i:1;s:9:"cadastrar";i:2;s:7:"alterar";i:3;s:7:"excluir";i:4;s:6:"editar";}}'),
('078bf9c730e22b895de22b70e97770326c8a155c', '127.0.0.1', 1439922654, '__ci_last_regenerate|i:1439922372;nick|s:5:"admin";estaLogado|b:1;permissoes|a:10:{i:0;a:3:{s:2:"id";s:1:"2";s:3:"url";s:13:"usuario/index";s:6:"oculto";s:1:"0";}i:1;a:3:{s:2:"id";s:1:"3";s:3:"url";s:15:"usuario/mostrar";s:6:"oculto";s:1:"0";}i:2;a:3:{s:2:"id";s:1:"4";s:3:"url";s:17:"usuario/cadastrar";s:6:"oculto";s:1:"0";}i:3;a:3:{s:2:"id";s:1:"5";s:3:"url";s:15:"usuario/excluir";s:6:"oculto";s:1:"0";}i:4;a:3:{s:2:"id";s:1:"6";s:3:"url";s:14:"usuario/editar";s:6:"oculto";s:1:"0";}i:5;a:3:{s:2:"id";s:1:"7";s:3:"url";s:15:"permissao/index";s:6:"oculto";s:1:"0";}i:6;a:3:{s:2:"id";s:1:"8";s:3:"url";s:19:"permissao/cadastrar";s:6:"oculto";s:1:"0";}i:7;a:3:{s:2:"id";s:1:"9";s:3:"url";s:17:"permissao/alterar";s:6:"oculto";s:1:"0";}i:8;a:3:{s:2:"id";s:2:"10";s:3:"url";s:17:"permissao/excluir";s:6:"oculto";s:1:"0";}i:9;a:3:{s:2:"id";s:2:"11";s:3:"url";s:16:"permissao/editar";s:6:"oculto";s:1:"0";}}sidebarLinks|a:2:{s:7:"usuario";a:5:{i:0;s:5:"index";i:1;s:7:"mostrar";i:2;s:9:"cadastrar";i:3;s:7:"excluir";i:4;s:6:"editar";}s:9:"permissao";a:5:{i:0;s:5:"index";i:1;s:9:"cadastrar";i:2;s:7:"alterar";i:3;s:7:"excluir";i:4;s:6:"editar";}}'),
('08b9f9450e6d8bdf0b4415bb61420f124cab075a', '127.0.0.1', 1439773856, '__ci_last_regenerate|i:1439773580;nick|s:5:"admin";estaLogado|b:1;permissoes|a:10:{i:0;a:3:{s:2:"id";s:1:"2";s:3:"url";s:13:"usuario/index";s:6:"oculto";s:1:"0";}i:1;a:3:{s:2:"id";s:1:"3";s:3:"url";s:15:"usuario/mostrar";s:6:"oculto";s:1:"0";}i:2;a:3:{s:2:"id";s:1:"4";s:3:"url";s:17:"usuario/cadastrar";s:6:"oculto";s:1:"0";}i:3;a:3:{s:2:"id";s:1:"5";s:3:"url";s:15:"usuario/excluir";s:6:"oculto";s:1:"0";}i:4;a:3:{s:2:"id";s:1:"6";s:3:"url";s:14:"usuario/editar";s:6:"oculto";s:1:"0";}i:5;a:3:{s:2:"id";s:1:"7";s:3:"url";s:15:"permissao/index";s:6:"oculto";s:1:"0";}i:6;a:3:{s:2:"id";s:1:"8";s:3:"url";s:19:"permissao/cadastrar";s:6:"oculto";s:1:"0";}i:7;a:3:{s:2:"id";s:1:"9";s:3:"url";s:17:"permissao/alterar";s:6:"oculto";s:1:"0";}i:8;a:3:{s:2:"id";s:2:"10";s:3:"url";s:17:"permissao/excluir";s:6:"oculto";s:1:"0";}i:9;a:3:{s:2:"id";s:2:"11";s:3:"url";s:16:"permissao/editar";s:6:"oculto";s:1:"0";}}sidebarLinks|a:2:{s:7:"usuario";a:5:{i:0;s:5:"index";i:1;s:7:"mostrar";i:2;s:9:"cadastrar";i:3;s:7:"excluir";i:4;s:6:"editar";}s:9:"permissao";a:5:{i:0;s:5:"index";i:1;s:9:"cadastrar";i:2;s:7:"alterar";i:3;s:7:"excluir";i:4;s:6:"editar";}}'),
('17b931db33d9c776c98794d54202168255202115', '127.0.0.1', 1439909889, '__ci_last_regenerate|i:1439909613;nick|s:5:"admin";estaLogado|b:1;permissoes|a:10:{i:0;a:3:{s:2:"id";s:1:"2";s:3:"url";s:13:"usuario/index";s:6:"oculto";s:1:"0";}i:1;a:3:{s:2:"id";s:1:"3";s:3:"url";s:15:"usuario/mostrar";s:6:"oculto";s:1:"0";}i:2;a:3:{s:2:"id";s:1:"4";s:3:"url";s:17:"usuario/cadastrar";s:6:"oculto";s:1:"0";}i:3;a:3:{s:2:"id";s:1:"5";s:3:"url";s:15:"usuario/excluir";s:6:"oculto";s:1:"0";}i:4;a:3:{s:2:"id";s:1:"6";s:3:"url";s:14:"usuario/editar";s:6:"oculto";s:1:"0";}i:5;a:3:{s:2:"id";s:1:"7";s:3:"url";s:15:"permissao/index";s:6:"oculto";s:1:"0";}i:6;a:3:{s:2:"id";s:1:"8";s:3:"url";s:19:"permissao/cadastrar";s:6:"oculto";s:1:"0";}i:7;a:3:{s:2:"id";s:1:"9";s:3:"url";s:17:"permissao/alterar";s:6:"oculto";s:1:"0";}i:8;a:3:{s:2:"id";s:2:"10";s:3:"url";s:17:"permissao/excluir";s:6:"oculto";s:1:"0";}i:9;a:3:{s:2:"id";s:2:"11";s:3:"url";s:16:"permissao/editar";s:6:"oculto";s:1:"0";}}sidebarLinks|a:2:{s:7:"usuario";a:5:{i:0;s:5:"index";i:1;s:7:"mostrar";i:2;s:9:"cadastrar";i:3;s:7:"excluir";i:4;s:6:"editar";}s:9:"permissao";a:5:{i:0;s:5:"index";i:1;s:9:"cadastrar";i:2;s:7:"alterar";i:3;s:7:"excluir";i:4;s:6:"editar";}}'),
('1e652da91f263f1ef07ab602ce80c5ea35c54290', '127.0.0.1', 1439922806, '__ci_last_regenerate|i:1439922771;nick|s:5:"admin";estaLogado|b:1;permissoes|a:10:{i:0;a:3:{s:2:"id";s:1:"2";s:3:"url";s:13:"usuario/index";s:6:"oculto";s:1:"0";}i:1;a:3:{s:2:"id";s:1:"3";s:3:"url";s:15:"usuario/mostrar";s:6:"oculto";s:1:"0";}i:2;a:3:{s:2:"id";s:1:"4";s:3:"url";s:17:"usuario/cadastrar";s:6:"oculto";s:1:"0";}i:3;a:3:{s:2:"id";s:1:"5";s:3:"url";s:15:"usuario/excluir";s:6:"oculto";s:1:"0";}i:4;a:3:{s:2:"id";s:1:"6";s:3:"url";s:14:"usuario/editar";s:6:"oculto";s:1:"0";}i:5;a:3:{s:2:"id";s:1:"7";s:3:"url";s:15:"permissao/index";s:6:"oculto";s:1:"0";}i:6;a:3:{s:2:"id";s:1:"8";s:3:"url";s:19:"permissao/cadastrar";s:6:"oculto";s:1:"0";}i:7;a:3:{s:2:"id";s:1:"9";s:3:"url";s:17:"permissao/alterar";s:6:"oculto";s:1:"0";}i:8;a:3:{s:2:"id";s:2:"10";s:3:"url";s:17:"permissao/excluir";s:6:"oculto";s:1:"0";}i:9;a:3:{s:2:"id";s:2:"11";s:3:"url";s:16:"permissao/editar";s:6:"oculto";s:1:"0";}}sidebarLinks|a:2:{s:7:"usuario";a:5:{i:0;s:5:"index";i:1;s:7:"mostrar";i:2;s:9:"cadastrar";i:3;s:7:"excluir";i:4;s:6:"editar";}s:9:"permissao";a:5:{i:0;s:5:"index";i:1;s:9:"cadastrar";i:2;s:7:"alterar";i:3;s:7:"excluir";i:4;s:6:"editar";}}'),
('1eaa14f189d9f160a9a295b3dc6d6d2470f53b5b', '127.0.0.1', 1439833517, '__ci_last_regenerate|i:1439833517;'),
('1fae20f20340c8127fe53199b6e78a54817e442b', '127.0.0.1', 1439924548, '__ci_last_regenerate|i:1439924548;nick|s:5:"admin";estaLogado|b:1;permissoes|a:10:{i:0;a:3:{s:2:"id";s:1:"2";s:3:"url";s:13:"usuario/index";s:6:"oculto";s:1:"0";}i:1;a:3:{s:2:"id";s:1:"3";s:3:"url";s:15:"usuario/mostrar";s:6:"oculto";s:1:"0";}i:2;a:3:{s:2:"id";s:1:"4";s:3:"url";s:17:"usuario/cadastrar";s:6:"oculto";s:1:"0";}i:3;a:3:{s:2:"id";s:1:"5";s:3:"url";s:15:"usuario/excluir";s:6:"oculto";s:1:"0";}i:4;a:3:{s:2:"id";s:1:"6";s:3:"url";s:14:"usuario/editar";s:6:"oculto";s:1:"0";}i:5;a:3:{s:2:"id";s:1:"7";s:3:"url";s:15:"permissao/index";s:6:"oculto";s:1:"0";}i:6;a:3:{s:2:"id";s:1:"8";s:3:"url";s:19:"permissao/cadastrar";s:6:"oculto";s:1:"0";}i:7;a:3:{s:2:"id";s:1:"9";s:3:"url";s:17:"permissao/alterar";s:6:"oculto";s:1:"0";}i:8;a:3:{s:2:"id";s:2:"10";s:3:"url";s:17:"permissao/excluir";s:6:"oculto";s:1:"0";}i:9;a:3:{s:2:"id";s:2:"11";s:3:"url";s:16:"permissao/editar";s:6:"oculto";s:1:"0";}}sidebarLinks|a:2:{s:7:"usuario";a:5:{i:0;s:5:"index";i:1;s:7:"mostrar";i:2;s:9:"cadastrar";i:3;s:7:"excluir";i:4;s:6:"editar";}s:9:"permissao";a:5:{i:0;s:5:"index";i:1;s:9:"cadastrar";i:2;s:7:"alterar";i:3;s:7:"excluir";i:4;s:6:"editar";}}'),
('259fa739c2db5780f36f9a07c67e8cc9e8b015e7', '127.0.0.1', 1440074304, '__ci_last_regenerate|i:1440074037;nick|s:5:"admin";estaLogado|b:1;permissoes|a:10:{i:0;a:3:{s:2:"id";s:1:"2";s:3:"url";s:13:"usuario/index";s:6:"oculto";s:1:"0";}i:1;a:3:{s:2:"id";s:1:"3";s:3:"url";s:15:"usuario/mostrar";s:6:"oculto";s:1:"0";}i:2;a:3:{s:2:"id";s:1:"4";s:3:"url";s:17:"usuario/cadastrar";s:6:"oculto";s:1:"0";}i:3;a:3:{s:2:"id";s:1:"5";s:3:"url";s:15:"usuario/excluir";s:6:"oculto";s:1:"0";}i:4;a:3:{s:2:"id";s:1:"6";s:3:"url";s:14:"usuario/editar";s:6:"oculto";s:1:"0";}i:5;a:3:{s:2:"id";s:1:"7";s:3:"url";s:15:"permissao/index";s:6:"oculto";s:1:"0";}i:6;a:3:{s:2:"id";s:1:"8";s:3:"url";s:19:"permissao/cadastrar";s:6:"oculto";s:1:"0";}i:7;a:3:{s:2:"id";s:1:"9";s:3:"url";s:17:"permissao/alterar";s:6:"oculto";s:1:"0";}i:8;a:3:{s:2:"id";s:2:"10";s:3:"url";s:17:"permissao/excluir";s:6:"oculto";s:1:"0";}i:9;a:3:{s:2:"id";s:2:"11";s:3:"url";s:16:"permissao/editar";s:6:"oculto";s:1:"0";}}sidebarLinks|a:2:{s:7:"usuario";a:5:{i:0;s:5:"index";i:1;s:7:"mostrar";i:2;s:9:"cadastrar";i:3;s:7:"excluir";i:4;s:6:"editar";}s:9:"permissao";a:5:{i:0;s:5:"index";i:1;s:9:"cadastrar";i:2;s:7:"alterar";i:3;s:7:"excluir";i:4;s:6:"editar";}}'),
('2d32ed0fad0cebbfb0c9371ae9ef549e9c9af3f5', '127.0.0.1', 1440074005, '__ci_last_regenerate|i:1440073736;nick|s:5:"admin";estaLogado|b:1;permissoes|a:10:{i:0;a:3:{s:2:"id";s:1:"2";s:3:"url";s:13:"usuario/index";s:6:"oculto";s:1:"0";}i:1;a:3:{s:2:"id";s:1:"3";s:3:"url";s:15:"usuario/mostrar";s:6:"oculto";s:1:"0";}i:2;a:3:{s:2:"id";s:1:"4";s:3:"url";s:17:"usuario/cadastrar";s:6:"oculto";s:1:"0";}i:3;a:3:{s:2:"id";s:1:"5";s:3:"url";s:15:"usuario/excluir";s:6:"oculto";s:1:"0";}i:4;a:3:{s:2:"id";s:1:"6";s:3:"url";s:14:"usuario/editar";s:6:"oculto";s:1:"0";}i:5;a:3:{s:2:"id";s:1:"7";s:3:"url";s:15:"permissao/index";s:6:"oculto";s:1:"0";}i:6;a:3:{s:2:"id";s:1:"8";s:3:"url";s:19:"permissao/cadastrar";s:6:"oculto";s:1:"0";}i:7;a:3:{s:2:"id";s:1:"9";s:3:"url";s:17:"permissao/alterar";s:6:"oculto";s:1:"0";}i:8;a:3:{s:2:"id";s:2:"10";s:3:"url";s:17:"permissao/excluir";s:6:"oculto";s:1:"0";}i:9;a:3:{s:2:"id";s:2:"11";s:3:"url";s:16:"permissao/editar";s:6:"oculto";s:1:"0";}}sidebarLinks|a:2:{s:7:"usuario";a:5:{i:0;s:5:"index";i:1;s:7:"mostrar";i:2;s:9:"cadastrar";i:3;s:7:"excluir";i:4;s:6:"editar";}s:9:"permissao";a:5:{i:0;s:5:"index";i:1;s:9:"cadastrar";i:2;s:7:"alterar";i:3;s:7:"excluir";i:4;s:6:"editar";}}'),
('2ed56a0f4a86eac547e13fae5034931eb8e262fc', '127.0.0.1', 1440300854, '__ci_last_regenerate|i:1440300849;nick|s:5:"admin";estaLogado|b:1;permissoes|a:10:{i:0;a:3:{s:2:"id";s:1:"2";s:3:"url";s:13:"usuario/index";s:6:"oculto";s:1:"0";}i:1;a:3:{s:2:"id";s:1:"3";s:3:"url";s:15:"usuario/mostrar";s:6:"oculto";s:1:"0";}i:2;a:3:{s:2:"id";s:1:"4";s:3:"url";s:17:"usuario/cadastrar";s:6:"oculto";s:1:"0";}i:3;a:3:{s:2:"id";s:1:"5";s:3:"url";s:15:"usuario/excluir";s:6:"oculto";s:1:"0";}i:4;a:3:{s:2:"id";s:1:"6";s:3:"url";s:14:"usuario/editar";s:6:"oculto";s:1:"0";}i:5;a:3:{s:2:"id";s:1:"7";s:3:"url";s:15:"permissao/index";s:6:"oculto";s:1:"0";}i:6;a:3:{s:2:"id";s:1:"8";s:3:"url";s:19:"permissao/cadastrar";s:6:"oculto";s:1:"0";}i:7;a:3:{s:2:"id";s:1:"9";s:3:"url";s:17:"permissao/alterar";s:6:"oculto";s:1:"0";}i:8;a:3:{s:2:"id";s:2:"10";s:3:"url";s:17:"permissao/excluir";s:6:"oculto";s:1:"0";}i:9;a:3:{s:2:"id";s:2:"11";s:3:"url";s:16:"permissao/editar";s:6:"oculto";s:1:"0";}}sidebarLinks|a:2:{s:7:"usuario";a:5:{i:0;s:5:"index";i:1;s:7:"mostrar";i:2;s:9:"cadastrar";i:3;s:7:"excluir";i:4;s:6:"editar";}s:9:"permissao";a:5:{i:0;s:5:"index";i:1;s:9:"cadastrar";i:2;s:7:"alterar";i:3;s:7:"excluir";i:4;s:6:"editar";}}'),
('373338ee819ccb3c671d2b652353d6ff05333727', '127.0.0.1', 1440076011, '__ci_last_regenerate|i:1440075877;nick|s:5:"admin";estaLogado|b:1;permissoes|a:10:{i:0;a:3:{s:2:"id";s:1:"2";s:3:"url";s:13:"usuario/index";s:6:"oculto";s:1:"0";}i:1;a:3:{s:2:"id";s:1:"3";s:3:"url";s:15:"usuario/mostrar";s:6:"oculto";s:1:"0";}i:2;a:3:{s:2:"id";s:1:"4";s:3:"url";s:17:"usuario/cadastrar";s:6:"oculto";s:1:"0";}i:3;a:3:{s:2:"id";s:1:"5";s:3:"url";s:15:"usuario/excluir";s:6:"oculto";s:1:"0";}i:4;a:3:{s:2:"id";s:1:"6";s:3:"url";s:14:"usuario/editar";s:6:"oculto";s:1:"0";}i:5;a:3:{s:2:"id";s:1:"7";s:3:"url";s:15:"permissao/index";s:6:"oculto";s:1:"0";}i:6;a:3:{s:2:"id";s:1:"8";s:3:"url";s:19:"permissao/cadastrar";s:6:"oculto";s:1:"0";}i:7;a:3:{s:2:"id";s:1:"9";s:3:"url";s:17:"permissao/alterar";s:6:"oculto";s:1:"0";}i:8;a:3:{s:2:"id";s:2:"10";s:3:"url";s:17:"permissao/excluir";s:6:"oculto";s:1:"0";}i:9;a:3:{s:2:"id";s:2:"11";s:3:"url";s:16:"permissao/editar";s:6:"oculto";s:1:"0";}}sidebarLinks|a:2:{s:7:"usuario";a:5:{i:0;s:5:"index";i:1;s:7:"mostrar";i:2;s:9:"cadastrar";i:3;s:7:"excluir";i:4;s:6:"editar";}s:9:"permissao";a:5:{i:0;s:5:"index";i:1;s:9:"cadastrar";i:2;s:7:"alterar";i:3;s:7:"excluir";i:4;s:6:"editar";}}'),
('379ae1a6fb08124c96f82086a72a4cc184dd582f', '127.0.0.1', 1439905918, '__ci_last_regenerate|i:1439905621;nick|s:5:"admin";estaLogado|b:1;permissoes|a:10:{i:0;a:3:{s:2:"id";s:1:"2";s:3:"url";s:13:"usuario/index";s:6:"oculto";s:1:"0";}i:1;a:3:{s:2:"id";s:1:"3";s:3:"url";s:15:"usuario/mostrar";s:6:"oculto";s:1:"0";}i:2;a:3:{s:2:"id";s:1:"4";s:3:"url";s:17:"usuario/cadastrar";s:6:"oculto";s:1:"0";}i:3;a:3:{s:2:"id";s:1:"5";s:3:"url";s:15:"usuario/excluir";s:6:"oculto";s:1:"0";}i:4;a:3:{s:2:"id";s:1:"6";s:3:"url";s:14:"usuario/editar";s:6:"oculto";s:1:"0";}i:5;a:3:{s:2:"id";s:1:"7";s:3:"url";s:15:"permissao/index";s:6:"oculto";s:1:"0";}i:6;a:3:{s:2:"id";s:1:"8";s:3:"url";s:19:"permissao/cadastrar";s:6:"oculto";s:1:"0";}i:7;a:3:{s:2:"id";s:1:"9";s:3:"url";s:17:"permissao/alterar";s:6:"oculto";s:1:"0";}i:8;a:3:{s:2:"id";s:2:"10";s:3:"url";s:17:"permissao/excluir";s:6:"oculto";s:1:"0";}i:9;a:3:{s:2:"id";s:2:"11";s:3:"url";s:16:"permissao/editar";s:6:"oculto";s:1:"0";}}sidebarLinks|a:2:{s:7:"usuario";a:5:{i:0;s:5:"index";i:1;s:7:"mostrar";i:2;s:9:"cadastrar";i:3;s:7:"excluir";i:4;s:6:"editar";}s:9:"permissao";a:5:{i:0;s:5:"index";i:1;s:9:"cadastrar";i:2;s:7:"alterar";i:3;s:7:"excluir";i:4;s:6:"editar";}}'),
('37e7ba8443a5b318b0f0f1e50ab46cd567fc173c', '127.0.0.1', 1440072848, '__ci_last_regenerate|i:1440072682;nick|s:5:"admin";estaLogado|b:1;permissoes|a:10:{i:0;a:3:{s:2:"id";s:1:"2";s:3:"url";s:13:"usuario/index";s:6:"oculto";s:1:"0";}i:1;a:3:{s:2:"id";s:1:"3";s:3:"url";s:15:"usuario/mostrar";s:6:"oculto";s:1:"0";}i:2;a:3:{s:2:"id";s:1:"4";s:3:"url";s:17:"usuario/cadastrar";s:6:"oculto";s:1:"0";}i:3;a:3:{s:2:"id";s:1:"5";s:3:"url";s:15:"usuario/excluir";s:6:"oculto";s:1:"0";}i:4;a:3:{s:2:"id";s:1:"6";s:3:"url";s:14:"usuario/editar";s:6:"oculto";s:1:"0";}i:5;a:3:{s:2:"id";s:1:"7";s:3:"url";s:15:"permissao/index";s:6:"oculto";s:1:"0";}i:6;a:3:{s:2:"id";s:1:"8";s:3:"url";s:19:"permissao/cadastrar";s:6:"oculto";s:1:"0";}i:7;a:3:{s:2:"id";s:1:"9";s:3:"url";s:17:"permissao/alterar";s:6:"oculto";s:1:"0";}i:8;a:3:{s:2:"id";s:2:"10";s:3:"url";s:17:"permissao/excluir";s:6:"oculto";s:1:"0";}i:9;a:3:{s:2:"id";s:2:"11";s:3:"url";s:16:"permissao/editar";s:6:"oculto";s:1:"0";}}sidebarLinks|a:2:{s:7:"usuario";a:5:{i:0;s:5:"index";i:1;s:7:"mostrar";i:2;s:9:"cadastrar";i:3;s:7:"excluir";i:4;s:6:"editar";}s:9:"permissao";a:5:{i:0;s:5:"index";i:1;s:9:"cadastrar";i:2;s:7:"alterar";i:3;s:7:"excluir";i:4;s:6:"editar";}}'),
('3c0dfed8c177748b5fd5dfddf8235c242559846a', '127.0.0.1', 1440098637, '__ci_last_regenerate|i:1440098348;nick|s:5:"admin";estaLogado|b:1;permissoes|a:10:{i:0;a:3:{s:2:"id";s:1:"2";s:3:"url";s:13:"usuario/index";s:6:"oculto";s:1:"0";}i:1;a:3:{s:2:"id";s:1:"3";s:3:"url";s:15:"usuario/mostrar";s:6:"oculto";s:1:"0";}i:2;a:3:{s:2:"id";s:1:"4";s:3:"url";s:17:"usuario/cadastrar";s:6:"oculto";s:1:"0";}i:3;a:3:{s:2:"id";s:1:"5";s:3:"url";s:15:"usuario/excluir";s:6:"oculto";s:1:"0";}i:4;a:3:{s:2:"id";s:1:"6";s:3:"url";s:14:"usuario/editar";s:6:"oculto";s:1:"0";}i:5;a:3:{s:2:"id";s:1:"7";s:3:"url";s:15:"permissao/index";s:6:"oculto";s:1:"0";}i:6;a:3:{s:2:"id";s:1:"8";s:3:"url";s:19:"permissao/cadastrar";s:6:"oculto";s:1:"0";}i:7;a:3:{s:2:"id";s:1:"9";s:3:"url";s:17:"permissao/alterar";s:6:"oculto";s:1:"0";}i:8;a:3:{s:2:"id";s:2:"10";s:3:"url";s:17:"permissao/excluir";s:6:"oculto";s:1:"0";}i:9;a:3:{s:2:"id";s:2:"11";s:3:"url";s:16:"permissao/editar";s:6:"oculto";s:1:"0";}}sidebarLinks|a:2:{s:7:"usuario";a:5:{i:0;s:5:"index";i:1;s:7:"mostrar";i:2;s:9:"cadastrar";i:3;s:7:"excluir";i:4;s:6:"editar";}s:9:"permissao";a:5:{i:0;s:5:"index";i:1;s:9:"cadastrar";i:2;s:7:"alterar";i:3;s:7:"excluir";i:4;s:6:"editar";}}'),
('3cb211cbea4fd6d2c24e7885d2814164fcdc53cd', '127.0.0.1', 1439847883, '__ci_last_regenerate|i:1439847689;'),
('3d67c4be1f6b4716f35341f76f1fcc4b3ec935c7', '127.0.0.1', 1440071692, '__ci_last_regenerate|i:1440071551;nick|s:5:"admin";estaLogado|b:1;permissoes|a:10:{i:0;a:3:{s:2:"id";s:1:"2";s:3:"url";s:13:"usuario/index";s:6:"oculto";s:1:"0";}i:1;a:3:{s:2:"id";s:1:"3";s:3:"url";s:15:"usuario/mostrar";s:6:"oculto";s:1:"0";}i:2;a:3:{s:2:"id";s:1:"4";s:3:"url";s:17:"usuario/cadastrar";s:6:"oculto";s:1:"0";}i:3;a:3:{s:2:"id";s:1:"5";s:3:"url";s:15:"usuario/excluir";s:6:"oculto";s:1:"0";}i:4;a:3:{s:2:"id";s:1:"6";s:3:"url";s:14:"usuario/editar";s:6:"oculto";s:1:"0";}i:5;a:3:{s:2:"id";s:1:"7";s:3:"url";s:15:"permissao/index";s:6:"oculto";s:1:"0";}i:6;a:3:{s:2:"id";s:1:"8";s:3:"url";s:19:"permissao/cadastrar";s:6:"oculto";s:1:"0";}i:7;a:3:{s:2:"id";s:1:"9";s:3:"url";s:17:"permissao/alterar";s:6:"oculto";s:1:"0";}i:8;a:3:{s:2:"id";s:2:"10";s:3:"url";s:17:"permissao/excluir";s:6:"oculto";s:1:"0";}i:9;a:3:{s:2:"id";s:2:"11";s:3:"url";s:16:"permissao/editar";s:6:"oculto";s:1:"0";}}sidebarLinks|a:2:{s:7:"usuario";a:5:{i:0;s:5:"index";i:1;s:7:"mostrar";i:2;s:9:"cadastrar";i:3;s:7:"excluir";i:4;s:6:"editar";}s:9:"permissao";a:5:{i:0;s:5:"index";i:1;s:9:"cadastrar";i:2;s:7:"alterar";i:3;s:7:"excluir";i:4;s:6:"editar";}}'),
('3e1dcacb2f438c37a378d6e56ca714fcde6660de', '127.0.0.1', 1439902386, '__ci_last_regenerate|i:1439902386;nick|s:5:"admin";estaLogado|b:1;permissoes|a:10:{i:0;a:3:{s:2:"id";s:1:"2";s:3:"url";s:13:"usuario/index";s:6:"oculto";s:1:"0";}i:1;a:3:{s:2:"id";s:1:"3";s:3:"url";s:15:"usuario/mostrar";s:6:"oculto";s:1:"0";}i:2;a:3:{s:2:"id";s:1:"4";s:3:"url";s:17:"usuario/cadastrar";s:6:"oculto";s:1:"0";}i:3;a:3:{s:2:"id";s:1:"5";s:3:"url";s:15:"usuario/excluir";s:6:"oculto";s:1:"0";}i:4;a:3:{s:2:"id";s:1:"6";s:3:"url";s:14:"usuario/editar";s:6:"oculto";s:1:"0";}i:5;a:3:{s:2:"id";s:1:"7";s:3:"url";s:15:"permissao/index";s:6:"oculto";s:1:"0";}i:6;a:3:{s:2:"id";s:1:"8";s:3:"url";s:19:"permissao/cadastrar";s:6:"oculto";s:1:"0";}i:7;a:3:{s:2:"id";s:1:"9";s:3:"url";s:17:"permissao/alterar";s:6:"oculto";s:1:"0";}i:8;a:3:{s:2:"id";s:2:"10";s:3:"url";s:17:"permissao/excluir";s:6:"oculto";s:1:"0";}i:9;a:3:{s:2:"id";s:2:"11";s:3:"url";s:16:"permissao/editar";s:6:"oculto";s:1:"0";}}sidebarLinks|a:2:{s:7:"usuario";a:5:{i:0;s:5:"index";i:1;s:7:"mostrar";i:2;s:9:"cadastrar";i:3;s:7:"excluir";i:4;s:6:"editar";}s:9:"permissao";a:5:{i:0;s:5:"index";i:1;s:9:"cadastrar";i:2;s:7:"alterar";i:3;s:7:"excluir";i:4;s:6:"editar";}}'),
('43587f3444212af1fe5dab9300464e718f72f3a3', '127.0.0.1', 1439499564, '__ci_last_regenerate|i:1439499545;'),
('44402927e91db1a0510c34ee8d68be2777fe13af', '127.0.0.1', 1439572849, '__ci_last_regenerate|i:1439572732;nick|s:5:"admin";estaLogado|b:1;permissoes|a:3:{i:0;a:3:{s:2:"id";s:1:"0";s:3:"url";s:19:"paginainicial/index";s:6:"oculto";s:1:"1";}i:1;a:3:{s:2:"id";s:1:"2";s:3:"url";s:13:"usuario/index";s:6:"oculto";s:1:"1";}i:2;a:3:{s:2:"id";s:1:"3";s:3:"url";s:15:"usuario/mostrar";s:6:"oculto";s:1:"0";}}sidebarLinks|a:1:{s:7:"usuario";s:7:"mostrar";}'),
('464a5a2c1aaff400f5b654a0ae550fa28545d33f', '127.0.0.1', 1439928340, '__ci_last_regenerate|i:1439928029;nick|s:5:"admin";estaLogado|b:1;permissoes|a:10:{i:0;a:3:{s:2:"id";s:1:"2";s:3:"url";s:13:"usuario/index";s:6:"oculto";s:1:"0";}i:1;a:3:{s:2:"id";s:1:"3";s:3:"url";s:15:"usuario/mostrar";s:6:"oculto";s:1:"0";}i:2;a:3:{s:2:"id";s:1:"4";s:3:"url";s:17:"usuario/cadastrar";s:6:"oculto";s:1:"0";}i:3;a:3:{s:2:"id";s:1:"5";s:3:"url";s:15:"usuario/excluir";s:6:"oculto";s:1:"0";}i:4;a:3:{s:2:"id";s:1:"6";s:3:"url";s:14:"usuario/editar";s:6:"oculto";s:1:"0";}i:5;a:3:{s:2:"id";s:1:"7";s:3:"url";s:15:"permissao/index";s:6:"oculto";s:1:"0";}i:6;a:3:{s:2:"id";s:1:"8";s:3:"url";s:19:"permissao/cadastrar";s:6:"oculto";s:1:"0";}i:7;a:3:{s:2:"id";s:1:"9";s:3:"url";s:17:"permissao/alterar";s:6:"oculto";s:1:"0";}i:8;a:3:{s:2:"id";s:2:"10";s:3:"url";s:17:"permissao/excluir";s:6:"oculto";s:1:"0";}i:9;a:3:{s:2:"id";s:2:"11";s:3:"url";s:16:"permissao/editar";s:6:"oculto";s:1:"0";}}sidebarLinks|a:2:{s:7:"usuario";a:5:{i:0;s:5:"index";i:1;s:7:"mostrar";i:2;s:9:"cadastrar";i:3;s:7:"excluir";i:4;s:6:"editar";}s:9:"permissao";a:5:{i:0;s:5:"index";i:1;s:9:"cadastrar";i:2;s:7:"alterar";i:3;s:7:"excluir";i:4;s:6:"editar";}}'),
('49b5662cbffd9387b282bb645ff8bbc6094196ee', '127.0.0.1', 1439907091, '__ci_last_regenerate|i:1439906931;nick|s:5:"admin";estaLogado|b:1;permissoes|a:10:{i:0;a:3:{s:2:"id";s:1:"2";s:3:"url";s:13:"usuario/index";s:6:"oculto";s:1:"0";}i:1;a:3:{s:2:"id";s:1:"3";s:3:"url";s:15:"usuario/mostrar";s:6:"oculto";s:1:"0";}i:2;a:3:{s:2:"id";s:1:"4";s:3:"url";s:17:"usuario/cadastrar";s:6:"oculto";s:1:"0";}i:3;a:3:{s:2:"id";s:1:"5";s:3:"url";s:15:"usuario/excluir";s:6:"oculto";s:1:"0";}i:4;a:3:{s:2:"id";s:1:"6";s:3:"url";s:14:"usuario/editar";s:6:"oculto";s:1:"0";}i:5;a:3:{s:2:"id";s:1:"7";s:3:"url";s:15:"permissao/index";s:6:"oculto";s:1:"0";}i:6;a:3:{s:2:"id";s:1:"8";s:3:"url";s:19:"permissao/cadastrar";s:6:"oculto";s:1:"0";}i:7;a:3:{s:2:"id";s:1:"9";s:3:"url";s:17:"permissao/alterar";s:6:"oculto";s:1:"0";}i:8;a:3:{s:2:"id";s:2:"10";s:3:"url";s:17:"permissao/excluir";s:6:"oculto";s:1:"0";}i:9;a:3:{s:2:"id";s:2:"11";s:3:"url";s:16:"permissao/editar";s:6:"oculto";s:1:"0";}}sidebarLinks|a:2:{s:7:"usuario";a:5:{i:0;s:5:"index";i:1;s:7:"mostrar";i:2;s:9:"cadastrar";i:3;s:7:"excluir";i:4;s:6:"editar";}s:9:"permissao";a:5:{i:0;s:5:"index";i:1;s:9:"cadastrar";i:2;s:7:"alterar";i:3;s:7:"excluir";i:4;s:6:"editar";}}'),
('49c9769d76de647653be3fef71b79a01465ac1b7', '127.0.0.1', 1440075695, '__ci_last_regenerate|i:1440075551;nick|s:5:"admin";estaLogado|b:1;permissoes|a:10:{i:0;a:3:{s:2:"id";s:1:"2";s:3:"url";s:13:"usuario/index";s:6:"oculto";s:1:"0";}i:1;a:3:{s:2:"id";s:1:"3";s:3:"url";s:15:"usuario/mostrar";s:6:"oculto";s:1:"0";}i:2;a:3:{s:2:"id";s:1:"4";s:3:"url";s:17:"usuario/cadastrar";s:6:"oculto";s:1:"0";}i:3;a:3:{s:2:"id";s:1:"5";s:3:"url";s:15:"usuario/excluir";s:6:"oculto";s:1:"0";}i:4;a:3:{s:2:"id";s:1:"6";s:3:"url";s:14:"usuario/editar";s:6:"oculto";s:1:"0";}i:5;a:3:{s:2:"id";s:1:"7";s:3:"url";s:15:"permissao/index";s:6:"oculto";s:1:"0";}i:6;a:3:{s:2:"id";s:1:"8";s:3:"url";s:19:"permissao/cadastrar";s:6:"oculto";s:1:"0";}i:7;a:3:{s:2:"id";s:1:"9";s:3:"url";s:17:"permissao/alterar";s:6:"oculto";s:1:"0";}i:8;a:3:{s:2:"id";s:2:"10";s:3:"url";s:17:"permissao/excluir";s:6:"oculto";s:1:"0";}i:9;a:3:{s:2:"id";s:2:"11";s:3:"url";s:16:"permissao/editar";s:6:"oculto";s:1:"0";}}sidebarLinks|a:2:{s:7:"usuario";a:5:{i:0;s:5:"index";i:1;s:7:"mostrar";i:2;s:9:"cadastrar";i:3;s:7:"excluir";i:4;s:6:"editar";}s:9:"permissao";a:5:{i:0;s:5:"index";i:1;s:9:"cadastrar";i:2;s:7:"alterar";i:3;s:7:"excluir";i:4;s:6:"editar";}}'),
('4e77a22064fd3c1d84536405b35973e7aad2be99', '127.0.0.1', 1439926011, '__ci_last_regenerate|i:1439925744;nick|s:5:"admin";estaLogado|b:1;permissoes|a:10:{i:0;a:3:{s:2:"id";s:1:"2";s:3:"url";s:13:"usuario/index";s:6:"oculto";s:1:"0";}i:1;a:3:{s:2:"id";s:1:"3";s:3:"url";s:15:"usuario/mostrar";s:6:"oculto";s:1:"0";}i:2;a:3:{s:2:"id";s:1:"4";s:3:"url";s:17:"usuario/cadastrar";s:6:"oculto";s:1:"0";}i:3;a:3:{s:2:"id";s:1:"5";s:3:"url";s:15:"usuario/excluir";s:6:"oculto";s:1:"0";}i:4;a:3:{s:2:"id";s:1:"6";s:3:"url";s:14:"usuario/editar";s:6:"oculto";s:1:"0";}i:5;a:3:{s:2:"id";s:1:"7";s:3:"url";s:15:"permissao/index";s:6:"oculto";s:1:"0";}i:6;a:3:{s:2:"id";s:1:"8";s:3:"url";s:19:"permissao/cadastrar";s:6:"oculto";s:1:"0";}i:7;a:3:{s:2:"id";s:1:"9";s:3:"url";s:17:"permissao/alterar";s:6:"oculto";s:1:"0";}i:8;a:3:{s:2:"id";s:2:"10";s:3:"url";s:17:"permissao/excluir";s:6:"oculto";s:1:"0";}i:9;a:3:{s:2:"id";s:2:"11";s:3:"url";s:16:"permissao/editar";s:6:"oculto";s:1:"0";}}sidebarLinks|a:2:{s:7:"usuario";a:5:{i:0;s:5:"index";i:1;s:7:"mostrar";i:2;s:9:"cadastrar";i:3;s:7:"excluir";i:4;s:6:"editar";}s:9:"permissao";a:5:{i:0;s:5:"index";i:1;s:9:"cadastrar";i:2;s:7:"alterar";i:3;s:7:"excluir";i:4;s:6:"editar";}}'),
('517292c06eabc6faaacae71707e188a2f98e4072', '127.0.0.1', 1440097120, '__ci_last_regenerate|i:1440096852;nick|s:5:"admin";estaLogado|b:1;permissoes|a:10:{i:0;a:3:{s:2:"id";s:1:"2";s:3:"url";s:13:"usuario/index";s:6:"oculto";s:1:"0";}i:1;a:3:{s:2:"id";s:1:"3";s:3:"url";s:15:"usuario/mostrar";s:6:"oculto";s:1:"0";}i:2;a:3:{s:2:"id";s:1:"4";s:3:"url";s:17:"usuario/cadastrar";s:6:"oculto";s:1:"0";}i:3;a:3:{s:2:"id";s:1:"5";s:3:"url";s:15:"usuario/excluir";s:6:"oculto";s:1:"0";}i:4;a:3:{s:2:"id";s:1:"6";s:3:"url";s:14:"usuario/editar";s:6:"oculto";s:1:"0";}i:5;a:3:{s:2:"id";s:1:"7";s:3:"url";s:15:"permissao/index";s:6:"oculto";s:1:"0";}i:6;a:3:{s:2:"id";s:1:"8";s:3:"url";s:19:"permissao/cadastrar";s:6:"oculto";s:1:"0";}i:7;a:3:{s:2:"id";s:1:"9";s:3:"url";s:17:"permissao/alterar";s:6:"oculto";s:1:"0";}i:8;a:3:{s:2:"id";s:2:"10";s:3:"url";s:17:"permissao/excluir";s:6:"oculto";s:1:"0";}i:9;a:3:{s:2:"id";s:2:"11";s:3:"url";s:16:"permissao/editar";s:6:"oculto";s:1:"0";}}sidebarLinks|a:2:{s:7:"usuario";a:5:{i:0;s:5:"index";i:1;s:7:"mostrar";i:2;s:9:"cadastrar";i:3;s:7:"excluir";i:4;s:6:"editar";}s:9:"permissao";a:5:{i:0;s:5:"index";i:1;s:9:"cadastrar";i:2;s:7:"alterar";i:3;s:7:"excluir";i:4;s:6:"editar";}}'),
('5475c432608dff8162238cbd8baa48ace7aec427', '127.0.0.1', 1439837918, '__ci_last_regenerate|i:1439837918;'),
('5750c0b32481ec22e82625656dba88e24e637df5', '127.0.0.1', 1439576034, '__ci_last_regenerate|i:1439576011;nick|s:5:"admin";estaLogado|b:1;permissoes|a:3:{i:0;a:3:{s:2:"id";s:1:"0";s:3:"url";s:19:"paginainicial/index";s:6:"oculto";s:1:"1";}i:1;a:3:{s:2:"id";s:1:"2";s:3:"url";s:13:"usuario/index";s:6:"oculto";s:1:"0";}i:2;a:3:{s:2:"id";s:1:"3";s:3:"url";s:15:"usuario/mostrar";s:6:"oculto";s:1:"0";}}sidebarLinks|a:1:{s:7:"usuario";a:2:{i:0;s:5:"index";i:1;s:7:"mostrar";}}'),
('575b0ebf37aae95a781e8ad7073380efac70d990', '127.0.0.1', 1440074691, '__ci_last_regenerate|i:1440074559;nick|s:5:"admin";estaLogado|b:1;permissoes|a:10:{i:0;a:3:{s:2:"id";s:1:"2";s:3:"url";s:13:"usuario/index";s:6:"oculto";s:1:"0";}i:1;a:3:{s:2:"id";s:1:"3";s:3:"url";s:15:"usuario/mostrar";s:6:"oculto";s:1:"0";}i:2;a:3:{s:2:"id";s:1:"4";s:3:"url";s:17:"usuario/cadastrar";s:6:"oculto";s:1:"0";}i:3;a:3:{s:2:"id";s:1:"5";s:3:"url";s:15:"usuario/excluir";s:6:"oculto";s:1:"0";}i:4;a:3:{s:2:"id";s:1:"6";s:3:"url";s:14:"usuario/editar";s:6:"oculto";s:1:"0";}i:5;a:3:{s:2:"id";s:1:"7";s:3:"url";s:15:"permissao/index";s:6:"oculto";s:1:"0";}i:6;a:3:{s:2:"id";s:1:"8";s:3:"url";s:19:"permissao/cadastrar";s:6:"oculto";s:1:"0";}i:7;a:3:{s:2:"id";s:1:"9";s:3:"url";s:17:"permissao/alterar";s:6:"oculto";s:1:"0";}i:8;a:3:{s:2:"id";s:2:"10";s:3:"url";s:17:"permissao/excluir";s:6:"oculto";s:1:"0";}i:9;a:3:{s:2:"id";s:2:"11";s:3:"url";s:16:"permissao/editar";s:6:"oculto";s:1:"0";}}sidebarLinks|a:2:{s:7:"usuario";a:5:{i:0;s:5:"index";i:1;s:7:"mostrar";i:2;s:9:"cadastrar";i:3;s:7:"excluir";i:4;s:6:"editar";}s:9:"permissao";a:5:{i:0;s:5:"index";i:1;s:9:"cadastrar";i:2;s:7:"alterar";i:3;s:7:"excluir";i:4;s:6:"editar";}}'),
('58c02545012c3db4ae0023175f2534ab9551ba41', '127.0.0.1', 1439842098, '__ci_last_regenerate|i:1439842098;'),
('5c6af09f1e98e3bfee7eaca09a673fcee8b3f7d6', '127.0.0.1', 1440102622, '__ci_last_regenerate|i:1440102606;nick|s:5:"admin";estaLogado|b:1;permissoes|a:10:{i:0;a:3:{s:2:"id";s:1:"2";s:3:"url";s:13:"usuario/index";s:6:"oculto";s:1:"0";}i:1;a:3:{s:2:"id";s:1:"3";s:3:"url";s:15:"usuario/mostrar";s:6:"oculto";s:1:"0";}i:2;a:3:{s:2:"id";s:1:"4";s:3:"url";s:17:"usuario/cadastrar";s:6:"oculto";s:1:"0";}i:3;a:3:{s:2:"id";s:1:"5";s:3:"url";s:15:"usuario/excluir";s:6:"oculto";s:1:"0";}i:4;a:3:{s:2:"id";s:1:"6";s:3:"url";s:14:"usuario/editar";s:6:"oculto";s:1:"0";}i:5;a:3:{s:2:"id";s:1:"7";s:3:"url";s:15:"permissao/index";s:6:"oculto";s:1:"0";}i:6;a:3:{s:2:"id";s:1:"8";s:3:"url";s:19:"permissao/cadastrar";s:6:"oculto";s:1:"0";}i:7;a:3:{s:2:"id";s:1:"9";s:3:"url";s:17:"permissao/alterar";s:6:"oculto";s:1:"0";}i:8;a:3:{s:2:"id";s:2:"10";s:3:"url";s:17:"permissao/excluir";s:6:"oculto";s:1:"0";}i:9;a:3:{s:2:"id";s:2:"11";s:3:"url";s:16:"permissao/editar";s:6:"oculto";s:1:"0";}}sidebarLinks|a:2:{s:7:"usuario";a:5:{i:0;s:5:"index";i:1;s:7:"mostrar";i:2;s:9:"cadastrar";i:3;s:7:"excluir";i:4;s:6:"editar";}s:9:"permissao";a:5:{i:0;s:5:"index";i:1;s:9:"cadastrar";i:2;s:7:"alterar";i:3;s:7:"excluir";i:4;s:6:"editar";}}'),
('5d97f2962dbe84c08ced0f1dd3d5d1e52e951c0c', '127.0.0.1', 1439921304, '__ci_last_regenerate|i:1439921019;nick|s:5:"admin";estaLogado|b:1;permissoes|a:10:{i:0;a:3:{s:2:"id";s:1:"2";s:3:"url";s:13:"usuario/index";s:6:"oculto";s:1:"0";}i:1;a:3:{s:2:"id";s:1:"3";s:3:"url";s:15:"usuario/mostrar";s:6:"oculto";s:1:"0";}i:2;a:3:{s:2:"id";s:1:"4";s:3:"url";s:17:"usuario/cadastrar";s:6:"oculto";s:1:"0";}i:3;a:3:{s:2:"id";s:1:"5";s:3:"url";s:15:"usuario/excluir";s:6:"oculto";s:1:"0";}i:4;a:3:{s:2:"id";s:1:"6";s:3:"url";s:14:"usuario/editar";s:6:"oculto";s:1:"0";}i:5;a:3:{s:2:"id";s:1:"7";s:3:"url";s:15:"permissao/index";s:6:"oculto";s:1:"0";}i:6;a:3:{s:2:"id";s:1:"8";s:3:"url";s:19:"permissao/cadastrar";s:6:"oculto";s:1:"0";}i:7;a:3:{s:2:"id";s:1:"9";s:3:"url";s:17:"permissao/alterar";s:6:"oculto";s:1:"0";}i:8;a:3:{s:2:"id";s:2:"10";s:3:"url";s:17:"permissao/excluir";s:6:"oculto";s:1:"0";}i:9;a:3:{s:2:"id";s:2:"11";s:3:"url";s:16:"permissao/editar";s:6:"oculto";s:1:"0";}}sidebarLinks|a:2:{s:7:"usuario";a:5:{i:0;s:5:"index";i:1;s:7:"mostrar";i:2;s:9:"cadastrar";i:3;s:7:"excluir";i:4;s:6:"editar";}s:9:"permissao";a:5:{i:0;s:5:"index";i:1;s:9:"cadastrar";i:2;s:7:"alterar";i:3;s:7:"excluir";i:4;s:6:"editar";}}'),
('5ea1ce78eb44b4e65f6928b89c831697e7b9c2e5', '127.0.0.1', 1439574005, '__ci_last_regenerate|i:1439573994;nick|s:5:"admin";estaLogado|b:1;permissoes|a:3:{i:0;a:3:{s:2:"id";s:1:"0";s:3:"url";s:19:"paginainicial/index";s:6:"oculto";s:1:"1";}i:1;a:3:{s:2:"id";s:1:"2";s:3:"url";s:13:"usuario/index";s:6:"oculto";s:1:"0";}i:2;a:3:{s:2:"id";s:1:"3";s:3:"url";s:15:"usuario/mostrar";s:6:"oculto";s:1:"0";}}sidebarLinks|a:1:{s:7:"usuario";s:7:"mostrar";}'),
('5f459bab2be2b623c53f6d182be237cecbab7187', '127.0.0.1', 1439773161, '__ci_last_regenerate|i:1439773161;'),
('618160c33d10a8843ae7c175f9174c2bf9195ddd', '127.0.0.1', 1439579853, '__ci_last_regenerate|i:1439579697;nick|s:5:"admin";estaLogado|b:1;permissoes|a:10:{i:0;a:3:{s:2:"id";s:1:"2";s:3:"url";s:13:"usuario/index";s:6:"oculto";s:1:"0";}i:1;a:3:{s:2:"id";s:1:"3";s:3:"url";s:15:"usuario/mostrar";s:6:"oculto";s:1:"0";}i:2;a:3:{s:2:"id";s:1:"4";s:3:"url";s:17:"usuario/cadastrar";s:6:"oculto";s:1:"0";}i:3;a:3:{s:2:"id";s:1:"5";s:3:"url";s:15:"usuario/excluir";s:6:"oculto";s:1:"0";}i:4;a:3:{s:2:"id";s:1:"6";s:3:"url";s:14:"usuario/editar";s:6:"oculto";s:1:"0";}i:5;a:3:{s:2:"id";s:1:"7";s:3:"url";s:15:"permissao/index";s:6:"oculto";s:1:"0";}i:6;a:3:{s:2:"id";s:1:"8";s:3:"url";s:19:"permissao/cadastrar";s:6:"oculto";s:1:"0";}i:7;a:3:{s:2:"id";s:1:"9";s:3:"url";s:17:"permissao/alterar";s:6:"oculto";s:1:"0";}i:8;a:3:{s:2:"id";s:2:"10";s:3:"url";s:17:"permissao/excluir";s:6:"oculto";s:1:"0";}i:9;a:3:{s:2:"id";s:2:"11";s:3:"url";s:16:"permissao/editar";s:6:"oculto";s:1:"0";}}sidebarLinks|a:2:{s:7:"usuario";a:5:{i:0;s:5:"index";i:1;s:7:"mostrar";i:2;s:9:"cadastrar";i:3;s:7:"excluir";i:4;s:6:"editar";}s:9:"permissao";a:5:{i:0;s:5:"index";i:1;s:9:"cadastrar";i:2;s:7:"alterar";i:3;s:7:"excluir";i:4;s:6:"editar";}}'),
('63c4c31cb87a6e5b7b809c433a4da9e6eb19f7d9', '127.0.0.1', 1439927150, '__ci_last_regenerate|i:1439927031;nick|s:5:"admin";estaLogado|b:1;permissoes|a:10:{i:0;a:3:{s:2:"id";s:1:"2";s:3:"url";s:13:"usuario/index";s:6:"oculto";s:1:"0";}i:1;a:3:{s:2:"id";s:1:"3";s:3:"url";s:15:"usuario/mostrar";s:6:"oculto";s:1:"0";}i:2;a:3:{s:2:"id";s:1:"4";s:3:"url";s:17:"usuario/cadastrar";s:6:"oculto";s:1:"0";}i:3;a:3:{s:2:"id";s:1:"5";s:3:"url";s:15:"usuario/excluir";s:6:"oculto";s:1:"0";}i:4;a:3:{s:2:"id";s:1:"6";s:3:"url";s:14:"usuario/editar";s:6:"oculto";s:1:"0";}i:5;a:3:{s:2:"id";s:1:"7";s:3:"url";s:15:"permissao/index";s:6:"oculto";s:1:"0";}i:6;a:3:{s:2:"id";s:1:"8";s:3:"url";s:19:"permissao/cadastrar";s:6:"oculto";s:1:"0";}i:7;a:3:{s:2:"id";s:1:"9";s:3:"url";s:17:"permissao/alterar";s:6:"oculto";s:1:"0";}i:8;a:3:{s:2:"id";s:2:"10";s:3:"url";s:17:"permissao/excluir";s:6:"oculto";s:1:"0";}i:9;a:3:{s:2:"id";s:2:"11";s:3:"url";s:16:"permissao/editar";s:6:"oculto";s:1:"0";}}sidebarLinks|a:2:{s:7:"usuario";a:5:{i:0;s:5:"index";i:1;s:7:"mostrar";i:2;s:9:"cadastrar";i:3;s:7:"excluir";i:4;s:6:"editar";}s:9:"permissao";a:5:{i:0;s:5:"index";i:1;s:9:"cadastrar";i:2;s:7:"alterar";i:3;s:7:"excluir";i:4;s:6:"editar";}}'),
('653038d5c7006a198d425cd4c212aa71f54ba6d6', '127.0.0.1', 1439845966, '__ci_last_regenerate|i:1439845948;'),
('68eb7f57a338d85a07b971e60c3466b1d97ed5c9', '127.0.0.1', 1439929571, '__ci_last_regenerate|i:1439929385;nick|s:5:"admin";estaLogado|b:1;permissoes|a:10:{i:0;a:3:{s:2:"id";s:1:"2";s:3:"url";s:13:"usuario/index";s:6:"oculto";s:1:"0";}i:1;a:3:{s:2:"id";s:1:"3";s:3:"url";s:15:"usuario/mostrar";s:6:"oculto";s:1:"0";}i:2;a:3:{s:2:"id";s:1:"4";s:3:"url";s:17:"usuario/cadastrar";s:6:"oculto";s:1:"0";}i:3;a:3:{s:2:"id";s:1:"5";s:3:"url";s:15:"usuario/excluir";s:6:"oculto";s:1:"0";}i:4;a:3:{s:2:"id";s:1:"6";s:3:"url";s:14:"usuario/editar";s:6:"oculto";s:1:"0";}i:5;a:3:{s:2:"id";s:1:"7";s:3:"url";s:15:"permissao/index";s:6:"oculto";s:1:"0";}i:6;a:3:{s:2:"id";s:1:"8";s:3:"url";s:19:"permissao/cadastrar";s:6:"oculto";s:1:"0";}i:7;a:3:{s:2:"id";s:1:"9";s:3:"url";s:17:"permissao/alterar";s:6:"oculto";s:1:"0";}i:8;a:3:{s:2:"id";s:2:"10";s:3:"url";s:17:"permissao/excluir";s:6:"oculto";s:1:"0";}i:9;a:3:{s:2:"id";s:2:"11";s:3:"url";s:16:"permissao/editar";s:6:"oculto";s:1:"0";}}sidebarLinks|a:2:{s:7:"usuario";a:5:{i:0;s:5:"index";i:1;s:7:"mostrar";i:2;s:9:"cadastrar";i:3;s:7:"excluir";i:4;s:6:"editar";}s:9:"permissao";a:5:{i:0;s:5:"index";i:1;s:9:"cadastrar";i:2;s:7:"alterar";i:3;s:7:"excluir";i:4;s:6:"editar";}}'),
('6ca9762609c27ac7ace0f2981b27d570f7e93289', '127.0.0.1', 1439904761, '__ci_last_regenerate|i:1439904753;nick|s:5:"admin";estaLogado|b:1;permissoes|a:10:{i:0;a:3:{s:2:"id";s:1:"2";s:3:"url";s:13:"usuario/index";s:6:"oculto";s:1:"0";}i:1;a:3:{s:2:"id";s:1:"3";s:3:"url";s:15:"usuario/mostrar";s:6:"oculto";s:1:"0";}i:2;a:3:{s:2:"id";s:1:"4";s:3:"url";s:17:"usuario/cadastrar";s:6:"oculto";s:1:"0";}i:3;a:3:{s:2:"id";s:1:"5";s:3:"url";s:15:"usuario/excluir";s:6:"oculto";s:1:"0";}i:4;a:3:{s:2:"id";s:1:"6";s:3:"url";s:14:"usuario/editar";s:6:"oculto";s:1:"0";}i:5;a:3:{s:2:"id";s:1:"7";s:3:"url";s:15:"permissao/index";s:6:"oculto";s:1:"0";}i:6;a:3:{s:2:"id";s:1:"8";s:3:"url";s:19:"permissao/cadastrar";s:6:"oculto";s:1:"0";}i:7;a:3:{s:2:"id";s:1:"9";s:3:"url";s:17:"permissao/alterar";s:6:"oculto";s:1:"0";}i:8;a:3:{s:2:"id";s:2:"10";s:3:"url";s:17:"permissao/excluir";s:6:"oculto";s:1:"0";}i:9;a:3:{s:2:"id";s:2:"11";s:3:"url";s:16:"permissao/editar";s:6:"oculto";s:1:"0";}}sidebarLinks|a:2:{s:7:"usuario";a:5:{i:0;s:5:"index";i:1;s:7:"mostrar";i:2;s:9:"cadastrar";i:3;s:7:"excluir";i:4;s:6:"editar";}s:9:"permissao";a:5:{i:0;s:5:"index";i:1;s:9:"cadastrar";i:2;s:7:"alterar";i:3;s:7:"excluir";i:4;s:6:"editar";}}'),
('6eb570ea1e19161daf3db30b667e237234f9e171', '127.0.0.1', 1440072564, '__ci_last_regenerate|i:1440072335;nick|s:5:"admin";estaLogado|b:1;permissoes|a:10:{i:0;a:3:{s:2:"id";s:1:"2";s:3:"url";s:13:"usuario/index";s:6:"oculto";s:1:"0";}i:1;a:3:{s:2:"id";s:1:"3";s:3:"url";s:15:"usuario/mostrar";s:6:"oculto";s:1:"0";}i:2;a:3:{s:2:"id";s:1:"4";s:3:"url";s:17:"usuario/cadastrar";s:6:"oculto";s:1:"0";}i:3;a:3:{s:2:"id";s:1:"5";s:3:"url";s:15:"usuario/excluir";s:6:"oculto";s:1:"0";}i:4;a:3:{s:2:"id";s:1:"6";s:3:"url";s:14:"usuario/editar";s:6:"oculto";s:1:"0";}i:5;a:3:{s:2:"id";s:1:"7";s:3:"url";s:15:"permissao/index";s:6:"oculto";s:1:"0";}i:6;a:3:{s:2:"id";s:1:"8";s:3:"url";s:19:"permissao/cadastrar";s:6:"oculto";s:1:"0";}i:7;a:3:{s:2:"id";s:1:"9";s:3:"url";s:17:"permissao/alterar";s:6:"oculto";s:1:"0";}i:8;a:3:{s:2:"id";s:2:"10";s:3:"url";s:17:"permissao/excluir";s:6:"oculto";s:1:"0";}i:9;a:3:{s:2:"id";s:2:"11";s:3:"url";s:16:"permissao/editar";s:6:"oculto";s:1:"0";}}sidebarLinks|a:2:{s:7:"usuario";a:5:{i:0;s:5:"index";i:1;s:7:"mostrar";i:2;s:9:"cadastrar";i:3;s:7:"excluir";i:4;s:6:"editar";}s:9:"permissao";a:5:{i:0;s:5:"index";i:1;s:9:"cadastrar";i:2;s:7:"alterar";i:3;s:7:"excluir";i:4;s:6:"editar";}}'),
('7015321c64bc36dbb6245192616019fc586d157f', '127.0.0.1', 1439776527, '__ci_last_regenerate|i:1439776383;nick|s:5:"admin";estaLogado|b:1;permissoes|a:10:{i:0;a:3:{s:2:"id";s:1:"2";s:3:"url";s:13:"usuario/index";s:6:"oculto";s:1:"0";}i:1;a:3:{s:2:"id";s:1:"3";s:3:"url";s:15:"usuario/mostrar";s:6:"oculto";s:1:"0";}i:2;a:3:{s:2:"id";s:1:"4";s:3:"url";s:17:"usuario/cadastrar";s:6:"oculto";s:1:"0";}i:3;a:3:{s:2:"id";s:1:"5";s:3:"url";s:15:"usuario/excluir";s:6:"oculto";s:1:"0";}i:4;a:3:{s:2:"id";s:1:"6";s:3:"url";s:14:"usuario/editar";s:6:"oculto";s:1:"0";}i:5;a:3:{s:2:"id";s:1:"7";s:3:"url";s:15:"permissao/index";s:6:"oculto";s:1:"0";}i:6;a:3:{s:2:"id";s:1:"8";s:3:"url";s:19:"permissao/cadastrar";s:6:"oculto";s:1:"0";}i:7;a:3:{s:2:"id";s:1:"9";s:3:"url";s:17:"permissao/alterar";s:6:"oculto";s:1:"0";}i:8;a:3:{s:2:"id";s:2:"10";s:3:"url";s:17:"permissao/excluir";s:6:"oculto";s:1:"0";}i:9;a:3:{s:2:"id";s:2:"11";s:3:"url";s:16:"permissao/editar";s:6:"oculto";s:1:"0";}}sidebarLinks|a:2:{s:7:"usuario";a:5:{i:0;s:5:"index";i:1;s:7:"mostrar";i:2;s:9:"cadastrar";i:3;s:7:"excluir";i:4;s:6:"editar";}s:9:"permissao";a:5:{i:0;s:5:"index";i:1;s:9:"cadastrar";i:2;s:7:"alterar";i:3;s:7:"excluir";i:4;s:6:"editar";}}'),
('71c9bccf46e17b829a478e810b507d7966e6740b', '127.0.0.1', 1439579192, '__ci_last_regenerate|i:1439578921;nick|s:5:"admin";estaLogado|b:1;permissoes|a:10:{i:0;a:3:{s:2:"id";s:1:"2";s:3:"url";s:13:"usuario/index";s:6:"oculto";s:1:"0";}i:1;a:3:{s:2:"id";s:1:"3";s:3:"url";s:15:"usuario/mostrar";s:6:"oculto";s:1:"0";}i:2;a:3:{s:2:"id";s:1:"4";s:3:"url";s:17:"usuario/cadastrar";s:6:"oculto";s:1:"0";}i:3;a:3:{s:2:"id";s:1:"5";s:3:"url";s:15:"usuario/excluir";s:6:"oculto";s:1:"0";}i:4;a:3:{s:2:"id";s:1:"6";s:3:"url";s:14:"usuario/editar";s:6:"oculto";s:1:"0";}i:5;a:3:{s:2:"id";s:1:"7";s:3:"url";s:15:"permissao/index";s:6:"oculto";s:1:"0";}i:6;a:3:{s:2:"id";s:1:"8";s:3:"url";s:19:"permissao/cadastrar";s:6:"oculto";s:1:"0";}i:7;a:3:{s:2:"id";s:1:"9";s:3:"url";s:17:"permissao/alterar";s:6:"oculto";s:1:"0";}i:8;a:3:{s:2:"id";s:2:"10";s:3:"url";s:17:"permissao/excluir";s:6:"oculto";s:1:"0";}i:9;a:3:{s:2:"id";s:2:"11";s:3:"url";s:16:"permissao/editar";s:6:"oculto";s:1:"0";}}sidebarLinks|a:2:{s:7:"usuario";a:5:{i:0;s:5:"index";i:1;s:7:"mostrar";i:2;s:9:"cadastrar";i:3;s:7:"excluir";i:4;s:6:"editar";}s:9:"permissao";a:5:{i:0;s:5:"index";i:1;s:9:"cadastrar";i:2;s:7:"alterar";i:3;s:7:"excluir";i:4;s:6:"editar";}}'),
('71d9ff4acd8335a9d39de03d17da33510268a7bc', '127.0.0.1', 1439574705, '__ci_last_regenerate|i:1439574684;nick|s:5:"admin";estaLogado|b:1;permissoes|a:3:{i:0;a:3:{s:2:"id";s:1:"0";s:3:"url";s:19:"paginainicial/index";s:6:"oculto";s:1:"1";}i:1;a:3:{s:2:"id";s:1:"2";s:3:"url";s:13:"usuario/index";s:6:"oculto";s:1:"0";}i:2;a:3:{s:2:"id";s:1:"3";s:3:"url";s:15:"usuario/mostrar";s:6:"oculto";s:1:"0";}}sidebarLinks|a:1:{s:7:"usuario";s:7:"mostrar";}'),
('7260338fe99953713af3ceac294640bc164546d7', '127.0.0.1', 1440097197, '__ci_last_regenerate|i:1440097177;nick|s:5:"admin";estaLogado|b:1;permissoes|a:10:{i:0;a:3:{s:2:"id";s:1:"2";s:3:"url";s:13:"usuario/index";s:6:"oculto";s:1:"0";}i:1;a:3:{s:2:"id";s:1:"3";s:3:"url";s:15:"usuario/mostrar";s:6:"oculto";s:1:"0";}i:2;a:3:{s:2:"id";s:1:"4";s:3:"url";s:17:"usuario/cadastrar";s:6:"oculto";s:1:"0";}i:3;a:3:{s:2:"id";s:1:"5";s:3:"url";s:15:"usuario/excluir";s:6:"oculto";s:1:"0";}i:4;a:3:{s:2:"id";s:1:"6";s:3:"url";s:14:"usuario/editar";s:6:"oculto";s:1:"0";}i:5;a:3:{s:2:"id";s:1:"7";s:3:"url";s:15:"permissao/index";s:6:"oculto";s:1:"0";}i:6;a:3:{s:2:"id";s:1:"8";s:3:"url";s:19:"permissao/cadastrar";s:6:"oculto";s:1:"0";}i:7;a:3:{s:2:"id";s:1:"9";s:3:"url";s:17:"permissao/alterar";s:6:"oculto";s:1:"0";}i:8;a:3:{s:2:"id";s:2:"10";s:3:"url";s:17:"permissao/excluir";s:6:"oculto";s:1:"0";}i:9;a:3:{s:2:"id";s:2:"11";s:3:"url";s:16:"permissao/editar";s:6:"oculto";s:1:"0";}}sidebarLinks|a:2:{s:7:"usuario";a:5:{i:0;s:5:"index";i:1;s:7:"mostrar";i:2;s:9:"cadastrar";i:3;s:7:"excluir";i:4;s:6:"editar";}s:9:"permissao";a:5:{i:0;s:5:"index";i:1;s:9:"cadastrar";i:2;s:7:"alterar";i:3;s:7:"excluir";i:4;s:6:"editar";}}'),
('750d2242e2dd58a61ba008ef6b3f7065ad6bbc62', '127.0.0.1', 1439926798, '__ci_last_regenerate|i:1439926632;nick|s:5:"admin";estaLogado|b:1;permissoes|a:10:{i:0;a:3:{s:2:"id";s:1:"2";s:3:"url";s:13:"usuario/index";s:6:"oculto";s:1:"0";}i:1;a:3:{s:2:"id";s:1:"3";s:3:"url";s:15:"usuario/mostrar";s:6:"oculto";s:1:"0";}i:2;a:3:{s:2:"id";s:1:"4";s:3:"url";s:17:"usuario/cadastrar";s:6:"oculto";s:1:"0";}i:3;a:3:{s:2:"id";s:1:"5";s:3:"url";s:15:"usuario/excluir";s:6:"oculto";s:1:"0";}i:4;a:3:{s:2:"id";s:1:"6";s:3:"url";s:14:"usuario/editar";s:6:"oculto";s:1:"0";}i:5;a:3:{s:2:"id";s:1:"7";s:3:"url";s:15:"permissao/index";s:6:"oculto";s:1:"0";}i:6;a:3:{s:2:"id";s:1:"8";s:3:"url";s:19:"permissao/cadastrar";s:6:"oculto";s:1:"0";}i:7;a:3:{s:2:"id";s:1:"9";s:3:"url";s:17:"permissao/alterar";s:6:"oculto";s:1:"0";}i:8;a:3:{s:2:"id";s:2:"10";s:3:"url";s:17:"permissao/excluir";s:6:"oculto";s:1:"0";}i:9;a:3:{s:2:"id";s:2:"11";s:3:"url";s:16:"permissao/editar";s:6:"oculto";s:1:"0";}}sidebarLinks|a:2:{s:7:"usuario";a:5:{i:0;s:5:"index";i:1;s:7:"mostrar";i:2;s:9:"cadastrar";i:3;s:7:"excluir";i:4;s:6:"editar";}s:9:"permissao";a:5:{i:0;s:5:"index";i:1;s:9:"cadastrar";i:2;s:7:"alterar";i:3;s:7:"excluir";i:4;s:6:"editar";}}'),
('76aa55a9bd6bbfce4c2a39e835cbd3052b839ba9', '127.0.0.1', 1439848021, '__ci_last_regenerate|i:1439847995;'),
('7947a2f16347243e27a7953cdc05d587d1da879e', '127.0.0.1', 1439495261, '__ci_last_regenerate|i:1439495261;nick|s:5:"admin";estaLogado|b:1;permissoes|a:3:{i:0;s:19:"paginainicial/index";i:1;s:13:"usuario/index";i:2;s:15:"usuario/mostrar";}'),
('7a28f91bec8a011b966200c98513a3a3af7d59cf', '127.0.0.1', 1439494602, '__ci_last_regenerate|i:1439494364;nick|s:5:"admin";estaLogado|b:1;permissoes|a:3:{i:0;s:19:"paginainicial/index";i:1;s:13:"usuario/index";i:2;s:15:"usuario/mostrar";}'),
('8b471eaca2a646fe8f3aa094e395eeb198aa24f1', '127.0.0.1', 1440004982, '__ci_last_regenerate|i:1440004815;nick|s:5:"admin";estaLogado|b:1;permissoes|a:10:{i:0;a:3:{s:2:"id";s:1:"2";s:3:"url";s:13:"usuario/index";s:6:"oculto";s:1:"0";}i:1;a:3:{s:2:"id";s:1:"3";s:3:"url";s:15:"usuario/mostrar";s:6:"oculto";s:1:"0";}i:2;a:3:{s:2:"id";s:1:"4";s:3:"url";s:17:"usuario/cadastrar";s:6:"oculto";s:1:"0";}i:3;a:3:{s:2:"id";s:1:"5";s:3:"url";s:15:"usuario/excluir";s:6:"oculto";s:1:"0";}i:4;a:3:{s:2:"id";s:1:"6";s:3:"url";s:14:"usuario/editar";s:6:"oculto";s:1:"0";}i:5;a:3:{s:2:"id";s:1:"7";s:3:"url";s:15:"permissao/index";s:6:"oculto";s:1:"0";}i:6;a:3:{s:2:"id";s:1:"8";s:3:"url";s:19:"permissao/cadastrar";s:6:"oculto";s:1:"0";}i:7;a:3:{s:2:"id";s:1:"9";s:3:"url";s:17:"permissao/alterar";s:6:"oculto";s:1:"0";}i:8;a:3:{s:2:"id";s:2:"10";s:3:"url";s:17:"permissao/excluir";s:6:"oculto";s:1:"0";}i:9;a:3:{s:2:"id";s:2:"11";s:3:"url";s:16:"permissao/editar";s:6:"oculto";s:1:"0";}}sidebarLinks|a:2:{s:7:"usuario";a:5:{i:0;s:5:"index";i:1;s:7:"mostrar";i:2;s:9:"cadastrar";i:3;s:7:"excluir";i:4;s:6:"editar";}s:9:"permissao";a:5:{i:0;s:5:"index";i:1;s:9:"cadastrar";i:2;s:7:"alterar";i:3;s:7:"excluir";i:4;s:6:"editar";}}'),
('8bc5654d8a903fab6b925caad491aa3af20421ca', '127.0.0.1', 1439901727, '__ci_last_regenerate|i:1439901707;nick|s:5:"admin";estaLogado|b:1;permissoes|a:10:{i:0;a:3:{s:2:"id";s:1:"2";s:3:"url";s:13:"usuario/index";s:6:"oculto";s:1:"0";}i:1;a:3:{s:2:"id";s:1:"3";s:3:"url";s:15:"usuario/mostrar";s:6:"oculto";s:1:"0";}i:2;a:3:{s:2:"id";s:1:"4";s:3:"url";s:17:"usuario/cadastrar";s:6:"oculto";s:1:"0";}i:3;a:3:{s:2:"id";s:1:"5";s:3:"url";s:15:"usuario/excluir";s:6:"oculto";s:1:"0";}i:4;a:3:{s:2:"id";s:1:"6";s:3:"url";s:14:"usuario/editar";s:6:"oculto";s:1:"0";}i:5;a:3:{s:2:"id";s:1:"7";s:3:"url";s:15:"permissao/index";s:6:"oculto";s:1:"0";}i:6;a:3:{s:2:"id";s:1:"8";s:3:"url";s:19:"permissao/cadastrar";s:6:"oculto";s:1:"0";}i:7;a:3:{s:2:"id";s:1:"9";s:3:"url";s:17:"permissao/alterar";s:6:"oculto";s:1:"0";}i:8;a:3:{s:2:"id";s:2:"10";s:3:"url";s:17:"permissao/excluir";s:6:"oculto";s:1:"0";}i:9;a:3:{s:2:"id";s:2:"11";s:3:"url";s:16:"permissao/editar";s:6:"oculto";s:1:"0";}}sidebarLinks|a:2:{s:7:"usuario";a:5:{i:0;s:5:"index";i:1;s:7:"mostrar";i:2;s:9:"cadastrar";i:3;s:7:"excluir";i:4;s:6:"editar";}s:9:"permissao";a:5:{i:0;s:5:"index";i:1;s:9:"cadastrar";i:2;s:7:"alterar";i:3;s:7:"excluir";i:4;s:6:"editar";}}'),
('8c5f8c0746f40d50d8ed18ea89cc7bc1836664b5', '127.0.0.1', 1440075395, '__ci_last_regenerate|i:1440075184;nick|s:5:"admin";estaLogado|b:1;permissoes|a:10:{i:0;a:3:{s:2:"id";s:1:"2";s:3:"url";s:13:"usuario/index";s:6:"oculto";s:1:"0";}i:1;a:3:{s:2:"id";s:1:"3";s:3:"url";s:15:"usuario/mostrar";s:6:"oculto";s:1:"0";}i:2;a:3:{s:2:"id";s:1:"4";s:3:"url";s:17:"usuario/cadastrar";s:6:"oculto";s:1:"0";}i:3;a:3:{s:2:"id";s:1:"5";s:3:"url";s:15:"usuario/excluir";s:6:"oculto";s:1:"0";}i:4;a:3:{s:2:"id";s:1:"6";s:3:"url";s:14:"usuario/editar";s:6:"oculto";s:1:"0";}i:5;a:3:{s:2:"id";s:1:"7";s:3:"url";s:15:"permissao/index";s:6:"oculto";s:1:"0";}i:6;a:3:{s:2:"id";s:1:"8";s:3:"url";s:19:"permissao/cadastrar";s:6:"oculto";s:1:"0";}i:7;a:3:{s:2:"id";s:1:"9";s:3:"url";s:17:"permissao/alterar";s:6:"oculto";s:1:"0";}i:8;a:3:{s:2:"id";s:2:"10";s:3:"url";s:17:"permissao/excluir";s:6:"oculto";s:1:"0";}i:9;a:3:{s:2:"id";s:2:"11";s:3:"url";s:16:"permissao/editar";s:6:"oculto";s:1:"0";}}sidebarLinks|a:2:{s:7:"usuario";a:5:{i:0;s:5:"index";i:1;s:7:"mostrar";i:2;s:9:"cadastrar";i:3;s:7:"excluir";i:4;s:6:"editar";}s:9:"permissao";a:5:{i:0;s:5:"index";i:1;s:9:"cadastrar";i:2;s:7:"alterar";i:3;s:7:"excluir";i:4;s:6:"editar";}}'),
('8c7e10bc023142719723e55ec9f7f6200e96b002', '127.0.0.1', 1439776770, '__ci_last_regenerate|i:1439776702;nick|s:5:"admin";estaLogado|b:1;permissoes|a:10:{i:0;a:3:{s:2:"id";s:1:"2";s:3:"url";s:13:"usuario/index";s:6:"oculto";s:1:"0";}i:1;a:3:{s:2:"id";s:1:"3";s:3:"url";s:15:"usuario/mostrar";s:6:"oculto";s:1:"0";}i:2;a:3:{s:2:"id";s:1:"4";s:3:"url";s:17:"usuario/cadastrar";s:6:"oculto";s:1:"0";}i:3;a:3:{s:2:"id";s:1:"5";s:3:"url";s:15:"usuario/excluir";s:6:"oculto";s:1:"0";}i:4;a:3:{s:2:"id";s:1:"6";s:3:"url";s:14:"usuario/editar";s:6:"oculto";s:1:"0";}i:5;a:3:{s:2:"id";s:1:"7";s:3:"url";s:15:"permissao/index";s:6:"oculto";s:1:"0";}i:6;a:3:{s:2:"id";s:1:"8";s:3:"url";s:19:"permissao/cadastrar";s:6:"oculto";s:1:"0";}i:7;a:3:{s:2:"id";s:1:"9";s:3:"url";s:17:"permissao/alterar";s:6:"oculto";s:1:"0";}i:8;a:3:{s:2:"id";s:2:"10";s:3:"url";s:17:"permissao/excluir";s:6:"oculto";s:1:"0";}i:9;a:3:{s:2:"id";s:2:"11";s:3:"url";s:16:"permissao/editar";s:6:"oculto";s:1:"0";}}sidebarLinks|a:2:{s:7:"usuario";a:5:{i:0;s:5:"index";i:1;s:7:"mostrar";i:2;s:9:"cadastrar";i:3;s:7:"excluir";i:4;s:6:"editar";}s:9:"permissao";a:5:{i:0;s:5:"index";i:1;s:9:"cadastrar";i:2;s:7:"alterar";i:3;s:7:"excluir";i:4;s:6:"editar";}}'),
('933e84fad9313110820d437ee75794f6933d48d2', '127.0.0.1', 1440300474, '__ci_last_regenerate|i:1440300472;nick|s:5:"admin";estaLogado|b:1;permissoes|a:10:{i:0;a:3:{s:2:"id";s:1:"2";s:3:"url";s:13:"usuario/index";s:6:"oculto";s:1:"0";}i:1;a:3:{s:2:"id";s:1:"3";s:3:"url";s:15:"usuario/mostrar";s:6:"oculto";s:1:"0";}i:2;a:3:{s:2:"id";s:1:"4";s:3:"url";s:17:"usuario/cadastrar";s:6:"oculto";s:1:"0";}i:3;a:3:{s:2:"id";s:1:"5";s:3:"url";s:15:"usuario/excluir";s:6:"oculto";s:1:"0";}i:4;a:3:{s:2:"id";s:1:"6";s:3:"url";s:14:"usuario/editar";s:6:"oculto";s:1:"0";}i:5;a:3:{s:2:"id";s:1:"7";s:3:"url";s:15:"permissao/index";s:6:"oculto";s:1:"0";}i:6;a:3:{s:2:"id";s:1:"8";s:3:"url";s:19:"permissao/cadastrar";s:6:"oculto";s:1:"0";}i:7;a:3:{s:2:"id";s:1:"9";s:3:"url";s:17:"permissao/alterar";s:6:"oculto";s:1:"0";}i:8;a:3:{s:2:"id";s:2:"10";s:3:"url";s:17:"permissao/excluir";s:6:"oculto";s:1:"0";}i:9;a:3:{s:2:"id";s:2:"11";s:3:"url";s:16:"permissao/editar";s:6:"oculto";s:1:"0";}}sidebarLinks|a:2:{s:7:"usuario";a:5:{i:0;s:5:"index";i:1;s:7:"mostrar";i:2;s:9:"cadastrar";i:3;s:7:"excluir";i:4;s:6:"editar";}s:9:"permissao";a:5:{i:0;s:5:"index";i:1;s:9:"cadastrar";i:2;s:7:"alterar";i:3;s:7:"excluir";i:4;s:6:"editar";}}');
INSERT INTO `ci_sessions` (`id`, `ip_address`, `timestamp`, `data`) VALUES
('963c11627d7aa866862f4392875ac7ea10d4779d', '127.0.0.1', 1439488541, '__ci_last_regenerate|i:1439488334;nick|s:5:"admin";estaLogado|b:1;permissoes|a:1:{s:3:"url";s:19:"paginainicial/index";}'),
('9a5dc338c52f60f82259ae7f56f22d9ab574198e', '127.0.0.1', 1440093717, '__ci_last_regenerate|i:1440093715;'),
('9cd68dfc67a98da20b2251761cfdfc489ceed491', '127.0.0.1', 1440508307, '__ci_last_regenerate|i:1440508307;'),
('a09a57be65ddb33d9bcc1c196b4960dc16e74340', '127.0.0.1', 1440012582, '__ci_last_regenerate|i:1440012582;nick|s:5:"admin";estaLogado|b:1;permissoes|a:10:{i:0;a:3:{s:2:"id";s:1:"2";s:3:"url";s:13:"usuario/index";s:6:"oculto";s:1:"0";}i:1;a:3:{s:2:"id";s:1:"3";s:3:"url";s:15:"usuario/mostrar";s:6:"oculto";s:1:"0";}i:2;a:3:{s:2:"id";s:1:"4";s:3:"url";s:17:"usuario/cadastrar";s:6:"oculto";s:1:"0";}i:3;a:3:{s:2:"id";s:1:"5";s:3:"url";s:15:"usuario/excluir";s:6:"oculto";s:1:"0";}i:4;a:3:{s:2:"id";s:1:"6";s:3:"url";s:14:"usuario/editar";s:6:"oculto";s:1:"0";}i:5;a:3:{s:2:"id";s:1:"7";s:3:"url";s:15:"permissao/index";s:6:"oculto";s:1:"0";}i:6;a:3:{s:2:"id";s:1:"8";s:3:"url";s:19:"permissao/cadastrar";s:6:"oculto";s:1:"0";}i:7;a:3:{s:2:"id";s:1:"9";s:3:"url";s:17:"permissao/alterar";s:6:"oculto";s:1:"0";}i:8;a:3:{s:2:"id";s:2:"10";s:3:"url";s:17:"permissao/excluir";s:6:"oculto";s:1:"0";}i:9;a:3:{s:2:"id";s:2:"11";s:3:"url";s:16:"permissao/editar";s:6:"oculto";s:1:"0";}}sidebarLinks|a:2:{s:7:"usuario";a:5:{i:0;s:5:"index";i:1;s:7:"mostrar";i:2;s:9:"cadastrar";i:3;s:7:"excluir";i:4;s:6:"editar";}s:9:"permissao";a:5:{i:0;s:5:"index";i:1;s:9:"cadastrar";i:2;s:7:"alterar";i:3;s:7:"excluir";i:4;s:6:"editar";}}'),
('a15b81275342e8d80dc22d27a0db6defc609f9af', '127.0.0.1', 1439929055, '__ci_last_regenerate|i:1439929009;nick|s:5:"admin";estaLogado|b:1;permissoes|a:10:{i:0;a:3:{s:2:"id";s:1:"2";s:3:"url";s:13:"usuario/index";s:6:"oculto";s:1:"0";}i:1;a:3:{s:2:"id";s:1:"3";s:3:"url";s:15:"usuario/mostrar";s:6:"oculto";s:1:"0";}i:2;a:3:{s:2:"id";s:1:"4";s:3:"url";s:17:"usuario/cadastrar";s:6:"oculto";s:1:"0";}i:3;a:3:{s:2:"id";s:1:"5";s:3:"url";s:15:"usuario/excluir";s:6:"oculto";s:1:"0";}i:4;a:3:{s:2:"id";s:1:"6";s:3:"url";s:14:"usuario/editar";s:6:"oculto";s:1:"0";}i:5;a:3:{s:2:"id";s:1:"7";s:3:"url";s:15:"permissao/index";s:6:"oculto";s:1:"0";}i:6;a:3:{s:2:"id";s:1:"8";s:3:"url";s:19:"permissao/cadastrar";s:6:"oculto";s:1:"0";}i:7;a:3:{s:2:"id";s:1:"9";s:3:"url";s:17:"permissao/alterar";s:6:"oculto";s:1:"0";}i:8;a:3:{s:2:"id";s:2:"10";s:3:"url";s:17:"permissao/excluir";s:6:"oculto";s:1:"0";}i:9;a:3:{s:2:"id";s:2:"11";s:3:"url";s:16:"permissao/editar";s:6:"oculto";s:1:"0";}}sidebarLinks|a:2:{s:7:"usuario";a:5:{i:0;s:5:"index";i:1;s:7:"mostrar";i:2;s:9:"cadastrar";i:3;s:7:"excluir";i:4;s:6:"editar";}s:9:"permissao";a:5:{i:0;s:5:"index";i:1;s:9:"cadastrar";i:2;s:7:"alterar";i:3;s:7:"excluir";i:4;s:6:"editar";}}'),
('a371095c943a4f94ef05cbe31e0eeda98a6bd29c', '127.0.0.1', 1439846958, '__ci_last_regenerate|i:1439846941;'),
('aa021cb363ba574f1f69966545cc65e7a6801c77', '127.0.0.1', 1439922292, '__ci_last_regenerate|i:1439922053;nick|s:5:"admin";estaLogado|b:1;permissoes|a:10:{i:0;a:3:{s:2:"id";s:1:"2";s:3:"url";s:13:"usuario/index";s:6:"oculto";s:1:"0";}i:1;a:3:{s:2:"id";s:1:"3";s:3:"url";s:15:"usuario/mostrar";s:6:"oculto";s:1:"0";}i:2;a:3:{s:2:"id";s:1:"4";s:3:"url";s:17:"usuario/cadastrar";s:6:"oculto";s:1:"0";}i:3;a:3:{s:2:"id";s:1:"5";s:3:"url";s:15:"usuario/excluir";s:6:"oculto";s:1:"0";}i:4;a:3:{s:2:"id";s:1:"6";s:3:"url";s:14:"usuario/editar";s:6:"oculto";s:1:"0";}i:5;a:3:{s:2:"id";s:1:"7";s:3:"url";s:15:"permissao/index";s:6:"oculto";s:1:"0";}i:6;a:3:{s:2:"id";s:1:"8";s:3:"url";s:19:"permissao/cadastrar";s:6:"oculto";s:1:"0";}i:7;a:3:{s:2:"id";s:1:"9";s:3:"url";s:17:"permissao/alterar";s:6:"oculto";s:1:"0";}i:8;a:3:{s:2:"id";s:2:"10";s:3:"url";s:17:"permissao/excluir";s:6:"oculto";s:1:"0";}i:9;a:3:{s:2:"id";s:2:"11";s:3:"url";s:16:"permissao/editar";s:6:"oculto";s:1:"0";}}sidebarLinks|a:2:{s:7:"usuario";a:5:{i:0;s:5:"index";i:1;s:7:"mostrar";i:2;s:9:"cadastrar";i:3;s:7:"excluir";i:4;s:6:"editar";}s:9:"permissao";a:5:{i:0;s:5:"index";i:1;s:9:"cadastrar";i:2;s:7:"alterar";i:3;s:7:"excluir";i:4;s:6:"editar";}}'),
('aa05c242da91d9fa6841dbf12a4e12f819e7fcad', '127.0.0.1', 1439926243, '__ci_last_regenerate|i:1439926056;nick|s:5:"admin";estaLogado|b:1;permissoes|a:10:{i:0;a:3:{s:2:"id";s:1:"2";s:3:"url";s:13:"usuario/index";s:6:"oculto";s:1:"0";}i:1;a:3:{s:2:"id";s:1:"3";s:3:"url";s:15:"usuario/mostrar";s:6:"oculto";s:1:"0";}i:2;a:3:{s:2:"id";s:1:"4";s:3:"url";s:17:"usuario/cadastrar";s:6:"oculto";s:1:"0";}i:3;a:3:{s:2:"id";s:1:"5";s:3:"url";s:15:"usuario/excluir";s:6:"oculto";s:1:"0";}i:4;a:3:{s:2:"id";s:1:"6";s:3:"url";s:14:"usuario/editar";s:6:"oculto";s:1:"0";}i:5;a:3:{s:2:"id";s:1:"7";s:3:"url";s:15:"permissao/index";s:6:"oculto";s:1:"0";}i:6;a:3:{s:2:"id";s:1:"8";s:3:"url";s:19:"permissao/cadastrar";s:6:"oculto";s:1:"0";}i:7;a:3:{s:2:"id";s:1:"9";s:3:"url";s:17:"permissao/alterar";s:6:"oculto";s:1:"0";}i:8;a:3:{s:2:"id";s:2:"10";s:3:"url";s:17:"permissao/excluir";s:6:"oculto";s:1:"0";}i:9;a:3:{s:2:"id";s:2:"11";s:3:"url";s:16:"permissao/editar";s:6:"oculto";s:1:"0";}}sidebarLinks|a:2:{s:7:"usuario";a:5:{i:0;s:5:"index";i:1;s:7:"mostrar";i:2;s:9:"cadastrar";i:3;s:7:"excluir";i:4;s:6:"editar";}s:9:"permissao";a:5:{i:0;s:5:"index";i:1;s:9:"cadastrar";i:2;s:7:"alterar";i:3;s:7:"excluir";i:4;s:6:"editar";}}'),
('ab1986867a5ea9457f3b6145e3e40cbdf45741a8', '127.0.0.1', 1439493037, '__ci_last_regenerate|i:1439493033;'),
('ab4c4d0f7bf1b2d171f2042657f3cd624b8f197c', '127.0.0.1', 1440302037, '__ci_last_regenerate|i:1440302035;nick|s:5:"admin";estaLogado|b:1;permissoes|a:10:{i:0;a:3:{s:2:"id";s:1:"2";s:3:"url";s:13:"usuario/index";s:6:"oculto";s:1:"0";}i:1;a:3:{s:2:"id";s:1:"3";s:3:"url";s:15:"usuario/mostrar";s:6:"oculto";s:1:"0";}i:2;a:3:{s:2:"id";s:1:"4";s:3:"url";s:17:"usuario/cadastrar";s:6:"oculto";s:1:"0";}i:3;a:3:{s:2:"id";s:1:"5";s:3:"url";s:15:"usuario/excluir";s:6:"oculto";s:1:"0";}i:4;a:3:{s:2:"id";s:1:"6";s:3:"url";s:14:"usuario/editar";s:6:"oculto";s:1:"0";}i:5;a:3:{s:2:"id";s:1:"7";s:3:"url";s:15:"permissao/index";s:6:"oculto";s:1:"0";}i:6;a:3:{s:2:"id";s:1:"8";s:3:"url";s:19:"permissao/cadastrar";s:6:"oculto";s:1:"0";}i:7;a:3:{s:2:"id";s:1:"9";s:3:"url";s:17:"permissao/alterar";s:6:"oculto";s:1:"0";}i:8;a:3:{s:2:"id";s:2:"10";s:3:"url";s:17:"permissao/excluir";s:6:"oculto";s:1:"0";}i:9;a:3:{s:2:"id";s:2:"11";s:3:"url";s:16:"permissao/editar";s:6:"oculto";s:1:"0";}}sidebarLinks|a:2:{s:7:"usuario";a:5:{i:0;s:5:"index";i:1;s:7:"mostrar";i:2;s:9:"cadastrar";i:3;s:7:"excluir";i:4;s:6:"editar";}s:9:"permissao";a:5:{i:0;s:5:"index";i:1;s:9:"cadastrar";i:2;s:7:"alterar";i:3;s:7:"excluir";i:4;s:6:"editar";}}'),
('ad629de68eaeafa5d219b4b9c179f9557d75a9ee', '127.0.0.1', 1439774691, '__ci_last_regenerate|i:1439774643;'),
('af4ba5954d3b66a6cece153220fd3e9609db1e68', '127.0.0.1', 1439498161, '__ci_last_regenerate|i:1439498161;nick|s:5:"admin";estaLogado|b:1;permissoes|a:3:{i:0;s:19:"paginainicial/index";i:1;s:13:"usuario/index";i:2;s:15:"usuario/mostrar";}'),
('b035f8af4882212b6fada59266ee0dff7bf21fbf', '127.0.0.1', 1440073297, '__ci_last_regenerate|i:1440073053;nick|s:5:"admin";estaLogado|b:1;permissoes|a:10:{i:0;a:3:{s:2:"id";s:1:"2";s:3:"url";s:13:"usuario/index";s:6:"oculto";s:1:"0";}i:1;a:3:{s:2:"id";s:1:"3";s:3:"url";s:15:"usuario/mostrar";s:6:"oculto";s:1:"0";}i:2;a:3:{s:2:"id";s:1:"4";s:3:"url";s:17:"usuario/cadastrar";s:6:"oculto";s:1:"0";}i:3;a:3:{s:2:"id";s:1:"5";s:3:"url";s:15:"usuario/excluir";s:6:"oculto";s:1:"0";}i:4;a:3:{s:2:"id";s:1:"6";s:3:"url";s:14:"usuario/editar";s:6:"oculto";s:1:"0";}i:5;a:3:{s:2:"id";s:1:"7";s:3:"url";s:15:"permissao/index";s:6:"oculto";s:1:"0";}i:6;a:3:{s:2:"id";s:1:"8";s:3:"url";s:19:"permissao/cadastrar";s:6:"oculto";s:1:"0";}i:7;a:3:{s:2:"id";s:1:"9";s:3:"url";s:17:"permissao/alterar";s:6:"oculto";s:1:"0";}i:8;a:3:{s:2:"id";s:2:"10";s:3:"url";s:17:"permissao/excluir";s:6:"oculto";s:1:"0";}i:9;a:3:{s:2:"id";s:2:"11";s:3:"url";s:16:"permissao/editar";s:6:"oculto";s:1:"0";}}sidebarLinks|a:2:{s:7:"usuario";a:5:{i:0;s:5:"index";i:1;s:7:"mostrar";i:2;s:9:"cadastrar";i:3;s:7:"excluir";i:4;s:6:"editar";}s:9:"permissao";a:5:{i:0;s:5:"index";i:1;s:9:"cadastrar";i:2;s:7:"alterar";i:3;s:7:"excluir";i:4;s:6:"editar";}}'),
('b1f451fa1b3b631a123c8399ccb42d4ba59a4044', '127.0.0.1', 1439500277, '__ci_last_regenerate|i:1439500218;nick|s:5:"admin";estaLogado|b:1;permissoes|a:3:{i:0;a:3:{s:2:"id";s:1:"0";s:3:"url";s:19:"paginainicial/index";s:6:"oculto";s:1:"1";}i:1;a:3:{s:2:"id";s:1:"2";s:3:"url";s:13:"usuario/index";s:6:"oculto";s:1:"1";}i:2;a:3:{s:2:"id";s:1:"3";s:3:"url";s:15:"usuario/mostrar";s:6:"oculto";s:1:"0";}}sidebarLinks|a:1:{i:0;s:15:"usuario/mostrar";}'),
('b3471e0f3cd514488c41b41c312eec018eb05e03', '127.0.0.1', 1440299880, '__ci_last_regenerate|i:1440299607;nick|s:5:"admin";estaLogado|b:1;permissoes|a:10:{i:0;a:3:{s:2:"id";s:1:"2";s:3:"url";s:13:"usuario/index";s:6:"oculto";s:1:"0";}i:1;a:3:{s:2:"id";s:1:"3";s:3:"url";s:15:"usuario/mostrar";s:6:"oculto";s:1:"0";}i:2;a:3:{s:2:"id";s:1:"4";s:3:"url";s:17:"usuario/cadastrar";s:6:"oculto";s:1:"0";}i:3;a:3:{s:2:"id";s:1:"5";s:3:"url";s:15:"usuario/excluir";s:6:"oculto";s:1:"0";}i:4;a:3:{s:2:"id";s:1:"6";s:3:"url";s:14:"usuario/editar";s:6:"oculto";s:1:"0";}i:5;a:3:{s:2:"id";s:1:"7";s:3:"url";s:15:"permissao/index";s:6:"oculto";s:1:"0";}i:6;a:3:{s:2:"id";s:1:"8";s:3:"url";s:19:"permissao/cadastrar";s:6:"oculto";s:1:"0";}i:7;a:3:{s:2:"id";s:1:"9";s:3:"url";s:17:"permissao/alterar";s:6:"oculto";s:1:"0";}i:8;a:3:{s:2:"id";s:2:"10";s:3:"url";s:17:"permissao/excluir";s:6:"oculto";s:1:"0";}i:9;a:3:{s:2:"id";s:2:"11";s:3:"url";s:16:"permissao/editar";s:6:"oculto";s:1:"0";}}sidebarLinks|a:2:{s:7:"usuario";a:5:{i:0;s:5:"index";i:1;s:7:"mostrar";i:2;s:9:"cadastrar";i:3;s:7:"excluir";i:4;s:6:"editar";}s:9:"permissao";a:5:{i:0;s:5:"index";i:1;s:9:"cadastrar";i:2;s:7:"alterar";i:3;s:7:"excluir";i:4;s:6:"editar";}}'),
('b3c62f9bca0fd3c0f1543c7b87da43c5f035e81b', '127.0.0.1', 1440094223, '__ci_last_regenerate|i:1440094164;'),
('b5aa1a170d3d9644f89dc9695104f0d54156e2cf', '127.0.0.1', 1439903421, '__ci_last_regenerate|i:1439903172;'),
('b824fadeefb9287c0d1a50abd0a7f82935b08214', '127.0.0.1', 1439928566, '__ci_last_regenerate|i:1439928342;nick|s:5:"admin";estaLogado|b:1;permissoes|a:10:{i:0;a:3:{s:2:"id";s:1:"2";s:3:"url";s:13:"usuario/index";s:6:"oculto";s:1:"0";}i:1;a:3:{s:2:"id";s:1:"3";s:3:"url";s:15:"usuario/mostrar";s:6:"oculto";s:1:"0";}i:2;a:3:{s:2:"id";s:1:"4";s:3:"url";s:17:"usuario/cadastrar";s:6:"oculto";s:1:"0";}i:3;a:3:{s:2:"id";s:1:"5";s:3:"url";s:15:"usuario/excluir";s:6:"oculto";s:1:"0";}i:4;a:3:{s:2:"id";s:1:"6";s:3:"url";s:14:"usuario/editar";s:6:"oculto";s:1:"0";}i:5;a:3:{s:2:"id";s:1:"7";s:3:"url";s:15:"permissao/index";s:6:"oculto";s:1:"0";}i:6;a:3:{s:2:"id";s:1:"8";s:3:"url";s:19:"permissao/cadastrar";s:6:"oculto";s:1:"0";}i:7;a:3:{s:2:"id";s:1:"9";s:3:"url";s:17:"permissao/alterar";s:6:"oculto";s:1:"0";}i:8;a:3:{s:2:"id";s:2:"10";s:3:"url";s:17:"permissao/excluir";s:6:"oculto";s:1:"0";}i:9;a:3:{s:2:"id";s:2:"11";s:3:"url";s:16:"permissao/editar";s:6:"oculto";s:1:"0";}}sidebarLinks|a:2:{s:7:"usuario";a:5:{i:0;s:5:"index";i:1;s:7:"mostrar";i:2;s:9:"cadastrar";i:3;s:7:"excluir";i:4;s:6:"editar";}s:9:"permissao";a:5:{i:0;s:5:"index";i:1;s:9:"cadastrar";i:2;s:7:"alterar";i:3;s:7:"excluir";i:4;s:6:"editar";}}'),
('bed9b2793bac729c964d8fa92781fff3cda88b3d', '127.0.0.1', 1440300436, '__ci_last_regenerate|i:1440300167;nick|s:5:"admin";estaLogado|b:1;permissoes|a:10:{i:0;a:3:{s:2:"id";s:1:"2";s:3:"url";s:13:"usuario/index";s:6:"oculto";s:1:"0";}i:1;a:3:{s:2:"id";s:1:"3";s:3:"url";s:15:"usuario/mostrar";s:6:"oculto";s:1:"0";}i:2;a:3:{s:2:"id";s:1:"4";s:3:"url";s:17:"usuario/cadastrar";s:6:"oculto";s:1:"0";}i:3;a:3:{s:2:"id";s:1:"5";s:3:"url";s:15:"usuario/excluir";s:6:"oculto";s:1:"0";}i:4;a:3:{s:2:"id";s:1:"6";s:3:"url";s:14:"usuario/editar";s:6:"oculto";s:1:"0";}i:5;a:3:{s:2:"id";s:1:"7";s:3:"url";s:15:"permissao/index";s:6:"oculto";s:1:"0";}i:6;a:3:{s:2:"id";s:1:"8";s:3:"url";s:19:"permissao/cadastrar";s:6:"oculto";s:1:"0";}i:7;a:3:{s:2:"id";s:1:"9";s:3:"url";s:17:"permissao/alterar";s:6:"oculto";s:1:"0";}i:8;a:3:{s:2:"id";s:2:"10";s:3:"url";s:17:"permissao/excluir";s:6:"oculto";s:1:"0";}i:9;a:3:{s:2:"id";s:2:"11";s:3:"url";s:16:"permissao/editar";s:6:"oculto";s:1:"0";}}sidebarLinks|a:2:{s:7:"usuario";a:5:{i:0;s:5:"index";i:1;s:7:"mostrar";i:2;s:9:"cadastrar";i:3;s:7:"excluir";i:4;s:6:"editar";}s:9:"permissao";a:5:{i:0;s:5:"index";i:1;s:9:"cadastrar";i:2;s:7:"alterar";i:3;s:7:"excluir";i:4;s:6:"editar";}}'),
('c59ab40f730d93111fe2cc81ac30a1a7e7479aac', '127.0.0.1', 1440098146, '__ci_last_regenerate|i:1440098016;nick|s:5:"admin";estaLogado|b:1;permissoes|a:10:{i:0;a:3:{s:2:"id";s:1:"2";s:3:"url";s:13:"usuario/index";s:6:"oculto";s:1:"0";}i:1;a:3:{s:2:"id";s:1:"3";s:3:"url";s:15:"usuario/mostrar";s:6:"oculto";s:1:"0";}i:2;a:3:{s:2:"id";s:1:"4";s:3:"url";s:17:"usuario/cadastrar";s:6:"oculto";s:1:"0";}i:3;a:3:{s:2:"id";s:1:"5";s:3:"url";s:15:"usuario/excluir";s:6:"oculto";s:1:"0";}i:4;a:3:{s:2:"id";s:1:"6";s:3:"url";s:14:"usuario/editar";s:6:"oculto";s:1:"0";}i:5;a:3:{s:2:"id";s:1:"7";s:3:"url";s:15:"permissao/index";s:6:"oculto";s:1:"0";}i:6;a:3:{s:2:"id";s:1:"8";s:3:"url";s:19:"permissao/cadastrar";s:6:"oculto";s:1:"0";}i:7;a:3:{s:2:"id";s:1:"9";s:3:"url";s:17:"permissao/alterar";s:6:"oculto";s:1:"0";}i:8;a:3:{s:2:"id";s:2:"10";s:3:"url";s:17:"permissao/excluir";s:6:"oculto";s:1:"0";}i:9;a:3:{s:2:"id";s:2:"11";s:3:"url";s:16:"permissao/editar";s:6:"oculto";s:1:"0";}}sidebarLinks|a:2:{s:7:"usuario";a:5:{i:0;s:5:"index";i:1;s:7:"mostrar";i:2;s:9:"cadastrar";i:3;s:7:"excluir";i:4;s:6:"editar";}s:9:"permissao";a:5:{i:0;s:5:"index";i:1;s:9:"cadastrar";i:2;s:7:"alterar";i:3;s:7:"excluir";i:4;s:6:"editar";}}'),
('c6990fe985cd5945846d7a24d247f7691fe0232c', '127.0.0.1', 1440072140, '__ci_last_regenerate|i:1440071942;nick|s:5:"admin";estaLogado|b:1;permissoes|a:10:{i:0;a:3:{s:2:"id";s:1:"2";s:3:"url";s:13:"usuario/index";s:6:"oculto";s:1:"0";}i:1;a:3:{s:2:"id";s:1:"3";s:3:"url";s:15:"usuario/mostrar";s:6:"oculto";s:1:"0";}i:2;a:3:{s:2:"id";s:1:"4";s:3:"url";s:17:"usuario/cadastrar";s:6:"oculto";s:1:"0";}i:3;a:3:{s:2:"id";s:1:"5";s:3:"url";s:15:"usuario/excluir";s:6:"oculto";s:1:"0";}i:4;a:3:{s:2:"id";s:1:"6";s:3:"url";s:14:"usuario/editar";s:6:"oculto";s:1:"0";}i:5;a:3:{s:2:"id";s:1:"7";s:3:"url";s:15:"permissao/index";s:6:"oculto";s:1:"0";}i:6;a:3:{s:2:"id";s:1:"8";s:3:"url";s:19:"permissao/cadastrar";s:6:"oculto";s:1:"0";}i:7;a:3:{s:2:"id";s:1:"9";s:3:"url";s:17:"permissao/alterar";s:6:"oculto";s:1:"0";}i:8;a:3:{s:2:"id";s:2:"10";s:3:"url";s:17:"permissao/excluir";s:6:"oculto";s:1:"0";}i:9;a:3:{s:2:"id";s:2:"11";s:3:"url";s:16:"permissao/editar";s:6:"oculto";s:1:"0";}}sidebarLinks|a:2:{s:7:"usuario";a:5:{i:0;s:5:"index";i:1;s:7:"mostrar";i:2;s:9:"cadastrar";i:3;s:7:"excluir";i:4;s:6:"editar";}s:9:"permissao";a:5:{i:0;s:5:"index";i:1;s:9:"cadastrar";i:2;s:7:"alterar";i:3;s:7:"excluir";i:4;s:6:"editar";}}'),
('c8b4204aa4889507d774a5ed20b74ab4f0f2db71', '127.0.0.1', 1440073431, '__ci_last_regenerate|i:1440073356;nick|s:5:"admin";estaLogado|b:1;permissoes|a:10:{i:0;a:3:{s:2:"id";s:1:"2";s:3:"url";s:13:"usuario/index";s:6:"oculto";s:1:"0";}i:1;a:3:{s:2:"id";s:1:"3";s:3:"url";s:15:"usuario/mostrar";s:6:"oculto";s:1:"0";}i:2;a:3:{s:2:"id";s:1:"4";s:3:"url";s:17:"usuario/cadastrar";s:6:"oculto";s:1:"0";}i:3;a:3:{s:2:"id";s:1:"5";s:3:"url";s:15:"usuario/excluir";s:6:"oculto";s:1:"0";}i:4;a:3:{s:2:"id";s:1:"6";s:3:"url";s:14:"usuario/editar";s:6:"oculto";s:1:"0";}i:5;a:3:{s:2:"id";s:1:"7";s:3:"url";s:15:"permissao/index";s:6:"oculto";s:1:"0";}i:6;a:3:{s:2:"id";s:1:"8";s:3:"url";s:19:"permissao/cadastrar";s:6:"oculto";s:1:"0";}i:7;a:3:{s:2:"id";s:1:"9";s:3:"url";s:17:"permissao/alterar";s:6:"oculto";s:1:"0";}i:8;a:3:{s:2:"id";s:2:"10";s:3:"url";s:17:"permissao/excluir";s:6:"oculto";s:1:"0";}i:9;a:3:{s:2:"id";s:2:"11";s:3:"url";s:16:"permissao/editar";s:6:"oculto";s:1:"0";}}sidebarLinks|a:2:{s:7:"usuario";a:5:{i:0;s:5:"index";i:1;s:7:"mostrar";i:2;s:9:"cadastrar";i:3;s:7:"excluir";i:4;s:6:"editar";}s:9:"permissao";a:5:{i:0;s:5:"index";i:1;s:9:"cadastrar";i:2;s:7:"alterar";i:3;s:7:"excluir";i:4;s:6:"editar";}}'),
('c90b3c11b53bd983b21093efa8fa09ba6e5e73dd', '127.0.0.1', 1439488074, '__ci_last_regenerate|i:1439487957;nick|s:5:"admin";estaLogado|b:1;permissoes|a:1:{s:3:"url";s:19:"paginainicial/index";}'),
('cbcee425bb5fdcb93e47f014126bb72b1c47f6e1', '127.0.0.1', 1439930199, '__ci_last_regenerate|i:1439929964;nick|s:5:"admin";estaLogado|b:1;permissoes|a:10:{i:0;a:3:{s:2:"id";s:1:"2";s:3:"url";s:13:"usuario/index";s:6:"oculto";s:1:"0";}i:1;a:3:{s:2:"id";s:1:"3";s:3:"url";s:15:"usuario/mostrar";s:6:"oculto";s:1:"0";}i:2;a:3:{s:2:"id";s:1:"4";s:3:"url";s:17:"usuario/cadastrar";s:6:"oculto";s:1:"0";}i:3;a:3:{s:2:"id";s:1:"5";s:3:"url";s:15:"usuario/excluir";s:6:"oculto";s:1:"0";}i:4;a:3:{s:2:"id";s:1:"6";s:3:"url";s:14:"usuario/editar";s:6:"oculto";s:1:"0";}i:5;a:3:{s:2:"id";s:1:"7";s:3:"url";s:15:"permissao/index";s:6:"oculto";s:1:"0";}i:6;a:3:{s:2:"id";s:1:"8";s:3:"url";s:19:"permissao/cadastrar";s:6:"oculto";s:1:"0";}i:7;a:3:{s:2:"id";s:1:"9";s:3:"url";s:17:"permissao/alterar";s:6:"oculto";s:1:"0";}i:8;a:3:{s:2:"id";s:2:"10";s:3:"url";s:17:"permissao/excluir";s:6:"oculto";s:1:"0";}i:9;a:3:{s:2:"id";s:2:"11";s:3:"url";s:16:"permissao/editar";s:6:"oculto";s:1:"0";}}sidebarLinks|a:2:{s:7:"usuario";a:5:{i:0;s:5:"index";i:1;s:7:"mostrar";i:2;s:9:"cadastrar";i:3;s:7:"excluir";i:4;s:6:"editar";}s:9:"permissao";a:5:{i:0;s:5:"index";i:1;s:9:"cadastrar";i:2;s:7:"alterar";i:3;s:7:"excluir";i:4;s:6:"editar";}}'),
('ce06b699f5074cdf04c54d218986c912fd69c46a', '127.0.0.1', 1439925462, '__ci_last_regenerate|i:1439925311;nick|s:5:"admin";estaLogado|b:1;permissoes|a:10:{i:0;a:3:{s:2:"id";s:1:"2";s:3:"url";s:13:"usuario/index";s:6:"oculto";s:1:"0";}i:1;a:3:{s:2:"id";s:1:"3";s:3:"url";s:15:"usuario/mostrar";s:6:"oculto";s:1:"0";}i:2;a:3:{s:2:"id";s:1:"4";s:3:"url";s:17:"usuario/cadastrar";s:6:"oculto";s:1:"0";}i:3;a:3:{s:2:"id";s:1:"5";s:3:"url";s:15:"usuario/excluir";s:6:"oculto";s:1:"0";}i:4;a:3:{s:2:"id";s:1:"6";s:3:"url";s:14:"usuario/editar";s:6:"oculto";s:1:"0";}i:5;a:3:{s:2:"id";s:1:"7";s:3:"url";s:15:"permissao/index";s:6:"oculto";s:1:"0";}i:6;a:3:{s:2:"id";s:1:"8";s:3:"url";s:19:"permissao/cadastrar";s:6:"oculto";s:1:"0";}i:7;a:3:{s:2:"id";s:1:"9";s:3:"url";s:17:"permissao/alterar";s:6:"oculto";s:1:"0";}i:8;a:3:{s:2:"id";s:2:"10";s:3:"url";s:17:"permissao/excluir";s:6:"oculto";s:1:"0";}i:9;a:3:{s:2:"id";s:2:"11";s:3:"url";s:16:"permissao/editar";s:6:"oculto";s:1:"0";}}sidebarLinks|a:2:{s:7:"usuario";a:5:{i:0;s:5:"index";i:1;s:7:"mostrar";i:2;s:9:"cadastrar";i:3;s:7:"excluir";i:4;s:6:"editar";}s:9:"permissao";a:5:{i:0;s:5:"index";i:1;s:9:"cadastrar";i:2;s:7:"alterar";i:3;s:7:"excluir";i:4;s:6:"editar";}}'),
('d0a2109e4351d47cc3cec0b5bb32e1e5d5034faf', '127.0.0.1', 1439493947, '__ci_last_regenerate|i:1439493910;nick|s:5:"admin";estaLogado|b:1;permissoes|a:3:{i:0;s:19:"paginainicial/index";i:1;s:13:"usuario/index";i:2;s:15:"usuario/mostrar";}'),
('d23d32d00b97292278de007dd2af586a65ea05e7', '127.0.0.1', 1439774414, '__ci_last_regenerate|i:1439774301;nick|s:5:"admin";estaLogado|b:1;permissoes|a:10:{i:0;a:3:{s:2:"id";s:1:"2";s:3:"url";s:13:"usuario/index";s:6:"oculto";s:1:"0";}i:1;a:3:{s:2:"id";s:1:"3";s:3:"url";s:15:"usuario/mostrar";s:6:"oculto";s:1:"0";}i:2;a:3:{s:2:"id";s:1:"4";s:3:"url";s:17:"usuario/cadastrar";s:6:"oculto";s:1:"0";}i:3;a:3:{s:2:"id";s:1:"5";s:3:"url";s:15:"usuario/excluir";s:6:"oculto";s:1:"0";}i:4;a:3:{s:2:"id";s:1:"6";s:3:"url";s:14:"usuario/editar";s:6:"oculto";s:1:"0";}i:5;a:3:{s:2:"id";s:1:"7";s:3:"url";s:15:"permissao/index";s:6:"oculto";s:1:"0";}i:6;a:3:{s:2:"id";s:1:"8";s:3:"url";s:19:"permissao/cadastrar";s:6:"oculto";s:1:"0";}i:7;a:3:{s:2:"id";s:1:"9";s:3:"url";s:17:"permissao/alterar";s:6:"oculto";s:1:"0";}i:8;a:3:{s:2:"id";s:2:"10";s:3:"url";s:17:"permissao/excluir";s:6:"oculto";s:1:"0";}i:9;a:3:{s:2:"id";s:2:"11";s:3:"url";s:16:"permissao/editar";s:6:"oculto";s:1:"0";}}sidebarLinks|a:2:{s:7:"usuario";a:5:{i:0;s:5:"index";i:1;s:7:"mostrar";i:2;s:9:"cadastrar";i:3;s:7:"excluir";i:4;s:6:"editar";}s:9:"permissao";a:5:{i:0;s:5:"index";i:1;s:9:"cadastrar";i:2;s:7:"alterar";i:3;s:7:"excluir";i:4;s:6:"editar";}}'),
('d72f5d892c012b2d91517fd94aa96be18714c1cc', '127.0.0.1', 1440097548, '__ci_last_regenerate|i:1440097498;nick|s:5:"admin";estaLogado|b:1;permissoes|a:10:{i:0;a:3:{s:2:"id";s:1:"2";s:3:"url";s:13:"usuario/index";s:6:"oculto";s:1:"0";}i:1;a:3:{s:2:"id";s:1:"3";s:3:"url";s:15:"usuario/mostrar";s:6:"oculto";s:1:"0";}i:2;a:3:{s:2:"id";s:1:"4";s:3:"url";s:17:"usuario/cadastrar";s:6:"oculto";s:1:"0";}i:3;a:3:{s:2:"id";s:1:"5";s:3:"url";s:15:"usuario/excluir";s:6:"oculto";s:1:"0";}i:4;a:3:{s:2:"id";s:1:"6";s:3:"url";s:14:"usuario/editar";s:6:"oculto";s:1:"0";}i:5;a:3:{s:2:"id";s:1:"7";s:3:"url";s:15:"permissao/index";s:6:"oculto";s:1:"0";}i:6;a:3:{s:2:"id";s:1:"8";s:3:"url";s:19:"permissao/cadastrar";s:6:"oculto";s:1:"0";}i:7;a:3:{s:2:"id";s:1:"9";s:3:"url";s:17:"permissao/alterar";s:6:"oculto";s:1:"0";}i:8;a:3:{s:2:"id";s:2:"10";s:3:"url";s:17:"permissao/excluir";s:6:"oculto";s:1:"0";}i:9;a:3:{s:2:"id";s:2:"11";s:3:"url";s:16:"permissao/editar";s:6:"oculto";s:1:"0";}}sidebarLinks|a:2:{s:7:"usuario";a:5:{i:0;s:5:"index";i:1;s:7:"mostrar";i:2;s:9:"cadastrar";i:3;s:7:"excluir";i:4;s:6:"editar";}s:9:"permissao";a:5:{i:0;s:5:"index";i:1;s:9:"cadastrar";i:2;s:7:"alterar";i:3;s:7:"excluir";i:4;s:6:"editar";}}'),
('d9999a22fbf76a18407e28ab3ad7a2f2b8e5c35c', '127.0.0.1', 1439575718, '__ci_last_regenerate|i:1439575673;nick|s:5:"admin";estaLogado|b:1;permissoes|a:3:{i:0;a:3:{s:2:"id";s:1:"0";s:3:"url";s:19:"paginainicial/index";s:6:"oculto";s:1:"1";}i:1;a:3:{s:2:"id";s:1:"2";s:3:"url";s:13:"usuario/index";s:6:"oculto";s:1:"0";}i:2;a:3:{s:2:"id";s:1:"3";s:3:"url";s:15:"usuario/mostrar";s:6:"oculto";s:1:"0";}}sidebarLinks|a:1:{s:7:"usuario";a:2:{i:0;s:5:"index";i:1;s:7:"mostrar";}}'),
('dc525666b9f5d6ad993233a7ed9e60943118e0c8', '127.0.0.1', 1439927896, '__ci_last_regenerate|i:1439927715;nick|s:5:"admin";estaLogado|b:1;permissoes|a:10:{i:0;a:3:{s:2:"id";s:1:"2";s:3:"url";s:13:"usuario/index";s:6:"oculto";s:1:"0";}i:1;a:3:{s:2:"id";s:1:"3";s:3:"url";s:15:"usuario/mostrar";s:6:"oculto";s:1:"0";}i:2;a:3:{s:2:"id";s:1:"4";s:3:"url";s:17:"usuario/cadastrar";s:6:"oculto";s:1:"0";}i:3;a:3:{s:2:"id";s:1:"5";s:3:"url";s:15:"usuario/excluir";s:6:"oculto";s:1:"0";}i:4;a:3:{s:2:"id";s:1:"6";s:3:"url";s:14:"usuario/editar";s:6:"oculto";s:1:"0";}i:5;a:3:{s:2:"id";s:1:"7";s:3:"url";s:15:"permissao/index";s:6:"oculto";s:1:"0";}i:6;a:3:{s:2:"id";s:1:"8";s:3:"url";s:19:"permissao/cadastrar";s:6:"oculto";s:1:"0";}i:7;a:3:{s:2:"id";s:1:"9";s:3:"url";s:17:"permissao/alterar";s:6:"oculto";s:1:"0";}i:8;a:3:{s:2:"id";s:2:"10";s:3:"url";s:17:"permissao/excluir";s:6:"oculto";s:1:"0";}i:9;a:3:{s:2:"id";s:2:"11";s:3:"url";s:16:"permissao/editar";s:6:"oculto";s:1:"0";}}sidebarLinks|a:2:{s:7:"usuario";a:5:{i:0;s:5:"index";i:1;s:7:"mostrar";i:2;s:9:"cadastrar";i:3;s:7:"excluir";i:4;s:6:"editar";}s:9:"permissao";a:5:{i:0;s:5:"index";i:1;s:9:"cadastrar";i:2;s:7:"alterar";i:3;s:7:"excluir";i:4;s:6:"editar";}}'),
('dddc6cf547ab76eefced811906ae606e493a742c', '127.0.0.1', 1440093307, '__ci_last_regenerate|i:1440093307;'),
('df6572a9479c139574af46477a78e9965376da1d', '127.0.0.1', 1439575040, '__ci_last_regenerate|i:1439575040;nick|s:5:"admin";estaLogado|b:1;permissoes|a:3:{i:0;a:3:{s:2:"id";s:1:"0";s:3:"url";s:19:"paginainicial/index";s:6:"oculto";s:1:"1";}i:1;a:3:{s:2:"id";s:1:"2";s:3:"url";s:13:"usuario/index";s:6:"oculto";s:1:"0";}i:2;a:3:{s:2:"id";s:1:"3";s:3:"url";s:15:"usuario/mostrar";s:6:"oculto";s:1:"0";}}sidebarLinks|a:1:{s:7:"usuario";s:7:"mostrar";}'),
('dff5559441d08432a58c39273d84821d717869d3', '127.0.0.1', 1439495710, '__ci_last_regenerate|i:1439495628;nick|s:5:"admin";estaLogado|b:1;permissoes|a:3:{i:0;s:19:"paginainicial/index";i:1;s:13:"usuario/index";i:2;s:15:"usuario/mostrar";}'),
('e284ec3468f2c538229e76496fc9f9d87c61d973', '127.0.0.1', 1439921633, '__ci_last_regenerate|i:1439921381;nick|s:5:"admin";estaLogado|b:1;permissoes|a:10:{i:0;a:3:{s:2:"id";s:1:"2";s:3:"url";s:13:"usuario/index";s:6:"oculto";s:1:"0";}i:1;a:3:{s:2:"id";s:1:"3";s:3:"url";s:15:"usuario/mostrar";s:6:"oculto";s:1:"0";}i:2;a:3:{s:2:"id";s:1:"4";s:3:"url";s:17:"usuario/cadastrar";s:6:"oculto";s:1:"0";}i:3;a:3:{s:2:"id";s:1:"5";s:3:"url";s:15:"usuario/excluir";s:6:"oculto";s:1:"0";}i:4;a:3:{s:2:"id";s:1:"6";s:3:"url";s:14:"usuario/editar";s:6:"oculto";s:1:"0";}i:5;a:3:{s:2:"id";s:1:"7";s:3:"url";s:15:"permissao/index";s:6:"oculto";s:1:"0";}i:6;a:3:{s:2:"id";s:1:"8";s:3:"url";s:19:"permissao/cadastrar";s:6:"oculto";s:1:"0";}i:7;a:3:{s:2:"id";s:1:"9";s:3:"url";s:17:"permissao/alterar";s:6:"oculto";s:1:"0";}i:8;a:3:{s:2:"id";s:2:"10";s:3:"url";s:17:"permissao/excluir";s:6:"oculto";s:1:"0";}i:9;a:3:{s:2:"id";s:2:"11";s:3:"url";s:16:"permissao/editar";s:6:"oculto";s:1:"0";}}sidebarLinks|a:2:{s:7:"usuario";a:5:{i:0;s:5:"index";i:1;s:7:"mostrar";i:2;s:9:"cadastrar";i:3;s:7:"excluir";i:4;s:6:"editar";}s:9:"permissao";a:5:{i:0;s:5:"index";i:1;s:9:"cadastrar";i:2;s:7:"alterar";i:3;s:7:"excluir";i:4;s:6:"editar";}}'),
('e5dea0170eb224971adac7d63ba1db7c2288b692', '127.0.0.1', 1440292342, '__ci_last_regenerate|i:1440292107;nick|s:5:"admin";estaLogado|b:1;permissoes|a:10:{i:0;a:3:{s:2:"id";s:1:"2";s:3:"url";s:13:"usuario/index";s:6:"oculto";s:1:"0";}i:1;a:3:{s:2:"id";s:1:"3";s:3:"url";s:15:"usuario/mostrar";s:6:"oculto";s:1:"0";}i:2;a:3:{s:2:"id";s:1:"4";s:3:"url";s:17:"usuario/cadastrar";s:6:"oculto";s:1:"0";}i:3;a:3:{s:2:"id";s:1:"5";s:3:"url";s:15:"usuario/excluir";s:6:"oculto";s:1:"0";}i:4;a:3:{s:2:"id";s:1:"6";s:3:"url";s:14:"usuario/editar";s:6:"oculto";s:1:"0";}i:5;a:3:{s:2:"id";s:1:"7";s:3:"url";s:15:"permissao/index";s:6:"oculto";s:1:"0";}i:6;a:3:{s:2:"id";s:1:"8";s:3:"url";s:19:"permissao/cadastrar";s:6:"oculto";s:1:"0";}i:7;a:3:{s:2:"id";s:1:"9";s:3:"url";s:17:"permissao/alterar";s:6:"oculto";s:1:"0";}i:8;a:3:{s:2:"id";s:2:"10";s:3:"url";s:17:"permissao/excluir";s:6:"oculto";s:1:"0";}i:9;a:3:{s:2:"id";s:2:"11";s:3:"url";s:16:"permissao/editar";s:6:"oculto";s:1:"0";}}sidebarLinks|a:2:{s:7:"usuario";a:5:{i:0;s:5:"index";i:1;s:7:"mostrar";i:2;s:9:"cadastrar";i:3;s:7:"excluir";i:4;s:6:"editar";}s:9:"permissao";a:5:{i:0;s:5:"index";i:1;s:9:"cadastrar";i:2;s:7:"alterar";i:3;s:7:"excluir";i:4;s:6:"editar";}}'),
('e6b06198948c1945ca41b56176df2442da2b343e', '127.0.0.1', 1440007997, '__ci_last_regenerate|i:1440007909;nick|s:5:"admin";estaLogado|b:1;permissoes|a:10:{i:0;a:3:{s:2:"id";s:1:"2";s:3:"url";s:13:"usuario/index";s:6:"oculto";s:1:"0";}i:1;a:3:{s:2:"id";s:1:"3";s:3:"url";s:15:"usuario/mostrar";s:6:"oculto";s:1:"0";}i:2;a:3:{s:2:"id";s:1:"4";s:3:"url";s:17:"usuario/cadastrar";s:6:"oculto";s:1:"0";}i:3;a:3:{s:2:"id";s:1:"5";s:3:"url";s:15:"usuario/excluir";s:6:"oculto";s:1:"0";}i:4;a:3:{s:2:"id";s:1:"6";s:3:"url";s:14:"usuario/editar";s:6:"oculto";s:1:"0";}i:5;a:3:{s:2:"id";s:1:"7";s:3:"url";s:15:"permissao/index";s:6:"oculto";s:1:"0";}i:6;a:3:{s:2:"id";s:1:"8";s:3:"url";s:19:"permissao/cadastrar";s:6:"oculto";s:1:"0";}i:7;a:3:{s:2:"id";s:1:"9";s:3:"url";s:17:"permissao/alterar";s:6:"oculto";s:1:"0";}i:8;a:3:{s:2:"id";s:2:"10";s:3:"url";s:17:"permissao/excluir";s:6:"oculto";s:1:"0";}i:9;a:3:{s:2:"id";s:2:"11";s:3:"url";s:16:"permissao/editar";s:6:"oculto";s:1:"0";}}sidebarLinks|a:2:{s:7:"usuario";a:5:{i:0;s:5:"index";i:1;s:7:"mostrar";i:2;s:9:"cadastrar";i:3;s:7:"excluir";i:4;s:6:"editar";}s:9:"permissao";a:5:{i:0;s:5:"index";i:1;s:9:"cadastrar";i:2;s:7:"alterar";i:3;s:7:"excluir";i:4;s:6:"editar";}}'),
('e755151c7a7eefa6166142b8c4b08d581cae7a8a', '127.0.0.1', 1439845642, '__ci_last_regenerate|i:1439845498;'),
('ea25e2416f1ce5b7776cdef2fb220eb7fe95c384', '127.0.0.1', 1439491876, '__ci_last_regenerate|i:1439491735;'),
('ed13d7cafd7ff4c4c6e4dbfabd8ebd5b665e2ae1', '127.0.0.1', 1439773949, '__ci_last_regenerate|i:1439773949;nick|s:5:"admin";estaLogado|b:1;permissoes|a:10:{i:0;a:3:{s:2:"id";s:1:"2";s:3:"url";s:13:"usuario/index";s:6:"oculto";s:1:"0";}i:1;a:3:{s:2:"id";s:1:"3";s:3:"url";s:15:"usuario/mostrar";s:6:"oculto";s:1:"0";}i:2;a:3:{s:2:"id";s:1:"4";s:3:"url";s:17:"usuario/cadastrar";s:6:"oculto";s:1:"0";}i:3;a:3:{s:2:"id";s:1:"5";s:3:"url";s:15:"usuario/excluir";s:6:"oculto";s:1:"0";}i:4;a:3:{s:2:"id";s:1:"6";s:3:"url";s:14:"usuario/editar";s:6:"oculto";s:1:"0";}i:5;a:3:{s:2:"id";s:1:"7";s:3:"url";s:15:"permissao/index";s:6:"oculto";s:1:"0";}i:6;a:3:{s:2:"id";s:1:"8";s:3:"url";s:19:"permissao/cadastrar";s:6:"oculto";s:1:"0";}i:7;a:3:{s:2:"id";s:1:"9";s:3:"url";s:17:"permissao/alterar";s:6:"oculto";s:1:"0";}i:8;a:3:{s:2:"id";s:2:"10";s:3:"url";s:17:"permissao/excluir";s:6:"oculto";s:1:"0";}i:9;a:3:{s:2:"id";s:2:"11";s:3:"url";s:16:"permissao/editar";s:6:"oculto";s:1:"0";}}sidebarLinks|a:2:{s:7:"usuario";a:5:{i:0;s:5:"index";i:1;s:7:"mostrar";i:2;s:9:"cadastrar";i:3;s:7:"excluir";i:4;s:6:"editar";}s:9:"permissao";a:5:{i:0;s:5:"index";i:1;s:9:"cadastrar";i:2;s:7:"alterar";i:3;s:7:"excluir";i:4;s:6:"editar";}}'),
('ed3c366d14754d0300cfba167ba857eeb074a7c4', '127.0.0.1', 1439848758, '__ci_last_regenerate|i:1439848661;'),
('f0b56b2e83eb1c19edbf888db5d55142e674e3f9', '127.0.0.1', 1439906666, '__ci_last_regenerate|i:1439906426;nick|s:5:"admin";estaLogado|b:1;permissoes|a:10:{i:0;a:3:{s:2:"id";s:1:"2";s:3:"url";s:13:"usuario/index";s:6:"oculto";s:1:"0";}i:1;a:3:{s:2:"id";s:1:"3";s:3:"url";s:15:"usuario/mostrar";s:6:"oculto";s:1:"0";}i:2;a:3:{s:2:"id";s:1:"4";s:3:"url";s:17:"usuario/cadastrar";s:6:"oculto";s:1:"0";}i:3;a:3:{s:2:"id";s:1:"5";s:3:"url";s:15:"usuario/excluir";s:6:"oculto";s:1:"0";}i:4;a:3:{s:2:"id";s:1:"6";s:3:"url";s:14:"usuario/editar";s:6:"oculto";s:1:"0";}i:5;a:3:{s:2:"id";s:1:"7";s:3:"url";s:15:"permissao/index";s:6:"oculto";s:1:"0";}i:6;a:3:{s:2:"id";s:1:"8";s:3:"url";s:19:"permissao/cadastrar";s:6:"oculto";s:1:"0";}i:7;a:3:{s:2:"id";s:1:"9";s:3:"url";s:17:"permissao/alterar";s:6:"oculto";s:1:"0";}i:8;a:3:{s:2:"id";s:2:"10";s:3:"url";s:17:"permissao/excluir";s:6:"oculto";s:1:"0";}i:9;a:3:{s:2:"id";s:2:"11";s:3:"url";s:16:"permissao/editar";s:6:"oculto";s:1:"0";}}sidebarLinks|a:2:{s:7:"usuario";a:5:{i:0;s:5:"index";i:1;s:7:"mostrar";i:2;s:9:"cadastrar";i:3;s:7:"excluir";i:4;s:6:"editar";}s:9:"permissao";a:5:{i:0;s:5:"index";i:1;s:9:"cadastrar";i:2;s:7:"alterar";i:3;s:7:"excluir";i:4;s:6:"editar";}}'),
('f38ce1e4ed84ea0d81634f79935476ef89507a7e', '127.0.0.1', 1440098998, '__ci_last_regenerate|i:1440098731;nick|s:5:"admin";estaLogado|b:1;permissoes|a:10:{i:0;a:3:{s:2:"id";s:1:"2";s:3:"url";s:13:"usuario/index";s:6:"oculto";s:1:"0";}i:1;a:3:{s:2:"id";s:1:"3";s:3:"url";s:15:"usuario/mostrar";s:6:"oculto";s:1:"0";}i:2;a:3:{s:2:"id";s:1:"4";s:3:"url";s:17:"usuario/cadastrar";s:6:"oculto";s:1:"0";}i:3;a:3:{s:2:"id";s:1:"5";s:3:"url";s:15:"usuario/excluir";s:6:"oculto";s:1:"0";}i:4;a:3:{s:2:"id";s:1:"6";s:3:"url";s:14:"usuario/editar";s:6:"oculto";s:1:"0";}i:5;a:3:{s:2:"id";s:1:"7";s:3:"url";s:15:"permissao/index";s:6:"oculto";s:1:"0";}i:6;a:3:{s:2:"id";s:1:"8";s:3:"url";s:19:"permissao/cadastrar";s:6:"oculto";s:1:"0";}i:7;a:3:{s:2:"id";s:1:"9";s:3:"url";s:17:"permissao/alterar";s:6:"oculto";s:1:"0";}i:8;a:3:{s:2:"id";s:2:"10";s:3:"url";s:17:"permissao/excluir";s:6:"oculto";s:1:"0";}i:9;a:3:{s:2:"id";s:2:"11";s:3:"url";s:16:"permissao/editar";s:6:"oculto";s:1:"0";}}sidebarLinks|a:2:{s:7:"usuario";a:5:{i:0;s:5:"index";i:1;s:7:"mostrar";i:2;s:9:"cadastrar";i:3;s:7:"excluir";i:4;s:6:"editar";}s:9:"permissao";a:5:{i:0;s:5:"index";i:1;s:9:"cadastrar";i:2;s:7:"alterar";i:3;s:7:"excluir";i:4;s:6:"editar";}}'),
('f447126893475f01f40ddb79b9dfb104c8cc5096', '127.0.0.1', 1440008633, '__ci_last_regenerate|i:1440008468;nick|s:5:"admin";estaLogado|b:1;permissoes|a:10:{i:0;a:3:{s:2:"id";s:1:"2";s:3:"url";s:13:"usuario/index";s:6:"oculto";s:1:"0";}i:1;a:3:{s:2:"id";s:1:"3";s:3:"url";s:15:"usuario/mostrar";s:6:"oculto";s:1:"0";}i:2;a:3:{s:2:"id";s:1:"4";s:3:"url";s:17:"usuario/cadastrar";s:6:"oculto";s:1:"0";}i:3;a:3:{s:2:"id";s:1:"5";s:3:"url";s:15:"usuario/excluir";s:6:"oculto";s:1:"0";}i:4;a:3:{s:2:"id";s:1:"6";s:3:"url";s:14:"usuario/editar";s:6:"oculto";s:1:"0";}i:5;a:3:{s:2:"id";s:1:"7";s:3:"url";s:15:"permissao/index";s:6:"oculto";s:1:"0";}i:6;a:3:{s:2:"id";s:1:"8";s:3:"url";s:19:"permissao/cadastrar";s:6:"oculto";s:1:"0";}i:7;a:3:{s:2:"id";s:1:"9";s:3:"url";s:17:"permissao/alterar";s:6:"oculto";s:1:"0";}i:8;a:3:{s:2:"id";s:2:"10";s:3:"url";s:17:"permissao/excluir";s:6:"oculto";s:1:"0";}i:9;a:3:{s:2:"id";s:2:"11";s:3:"url";s:16:"permissao/editar";s:6:"oculto";s:1:"0";}}sidebarLinks|a:2:{s:7:"usuario";a:5:{i:0;s:5:"index";i:1;s:7:"mostrar";i:2;s:9:"cadastrar";i:3;s:7:"excluir";i:4;s:6:"editar";}s:9:"permissao";a:5:{i:0;s:5:"index";i:1;s:9:"cadastrar";i:2;s:7:"alterar";i:3;s:7:"excluir";i:4;s:6:"editar";}}'),
('f47509d87ddcb913a25a3daefd181336989cf1ab', '127.0.0.1', 1439906004, '__ci_last_regenerate|i:1439905924;nick|s:5:"admin";estaLogado|b:1;permissoes|a:10:{i:0;a:3:{s:2:"id";s:1:"2";s:3:"url";s:13:"usuario/index";s:6:"oculto";s:1:"0";}i:1;a:3:{s:2:"id";s:1:"3";s:3:"url";s:15:"usuario/mostrar";s:6:"oculto";s:1:"0";}i:2;a:3:{s:2:"id";s:1:"4";s:3:"url";s:17:"usuario/cadastrar";s:6:"oculto";s:1:"0";}i:3;a:3:{s:2:"id";s:1:"5";s:3:"url";s:15:"usuario/excluir";s:6:"oculto";s:1:"0";}i:4;a:3:{s:2:"id";s:1:"6";s:3:"url";s:14:"usuario/editar";s:6:"oculto";s:1:"0";}i:5;a:3:{s:2:"id";s:1:"7";s:3:"url";s:15:"permissao/index";s:6:"oculto";s:1:"0";}i:6;a:3:{s:2:"id";s:1:"8";s:3:"url";s:19:"permissao/cadastrar";s:6:"oculto";s:1:"0";}i:7;a:3:{s:2:"id";s:1:"9";s:3:"url";s:17:"permissao/alterar";s:6:"oculto";s:1:"0";}i:8;a:3:{s:2:"id";s:2:"10";s:3:"url";s:17:"permissao/excluir";s:6:"oculto";s:1:"0";}i:9;a:3:{s:2:"id";s:2:"11";s:3:"url";s:16:"permissao/editar";s:6:"oculto";s:1:"0";}}sidebarLinks|a:2:{s:7:"usuario";a:5:{i:0;s:5:"index";i:1;s:7:"mostrar";i:2;s:9:"cadastrar";i:3;s:7:"excluir";i:4;s:6:"editar";}s:9:"permissao";a:5:{i:0;s:5:"index";i:1;s:9:"cadastrar";i:2;s:7:"alterar";i:3;s:7:"excluir";i:4;s:6:"editar";}}'),
('f49846bbdffe815c6f2f1f68f9af609f0b0292f5', '127.0.0.1', 1439492182, '__ci_last_regenerate|i:1439492125;'),
('f7ccfc752a1f07c28c4e1f3d90668ff66f85b8be', '127.0.0.1', 1440293575, '__ci_last_regenerate|i:1440293564;nick|s:5:"admin";estaLogado|b:1;permissoes|a:10:{i:0;a:3:{s:2:"id";s:1:"2";s:3:"url";s:13:"usuario/index";s:6:"oculto";s:1:"0";}i:1;a:3:{s:2:"id";s:1:"3";s:3:"url";s:15:"usuario/mostrar";s:6:"oculto";s:1:"0";}i:2;a:3:{s:2:"id";s:1:"4";s:3:"url";s:17:"usuario/cadastrar";s:6:"oculto";s:1:"0";}i:3;a:3:{s:2:"id";s:1:"5";s:3:"url";s:15:"usuario/excluir";s:6:"oculto";s:1:"0";}i:4;a:3:{s:2:"id";s:1:"6";s:3:"url";s:14:"usuario/editar";s:6:"oculto";s:1:"0";}i:5;a:3:{s:2:"id";s:1:"7";s:3:"url";s:15:"permissao/index";s:6:"oculto";s:1:"0";}i:6;a:3:{s:2:"id";s:1:"8";s:3:"url";s:19:"permissao/cadastrar";s:6:"oculto";s:1:"0";}i:7;a:3:{s:2:"id";s:1:"9";s:3:"url";s:17:"permissao/alterar";s:6:"oculto";s:1:"0";}i:8;a:3:{s:2:"id";s:2:"10";s:3:"url";s:17:"permissao/excluir";s:6:"oculto";s:1:"0";}i:9;a:3:{s:2:"id";s:2:"11";s:3:"url";s:16:"permissao/editar";s:6:"oculto";s:1:"0";}}sidebarLinks|a:2:{s:7:"usuario";a:5:{i:0;s:5:"index";i:1;s:7:"mostrar";i:2;s:9:"cadastrar";i:3;s:7:"excluir";i:4;s:6:"editar";}s:9:"permissao";a:5:{i:0;s:5:"index";i:1;s:9:"cadastrar";i:2;s:7:"alterar";i:3;s:7:"excluir";i:4;s:6:"editar";}}'),
('f84e1b5b56b934743086cbe465e9fa07b77b0d6b', '127.0.0.1', 1439921923, '__ci_last_regenerate|i:1439921709;nick|s:5:"admin";estaLogado|b:1;permissoes|a:10:{i:0;a:3:{s:2:"id";s:1:"2";s:3:"url";s:13:"usuario/index";s:6:"oculto";s:1:"0";}i:1;a:3:{s:2:"id";s:1:"3";s:3:"url";s:15:"usuario/mostrar";s:6:"oculto";s:1:"0";}i:2;a:3:{s:2:"id";s:1:"4";s:3:"url";s:17:"usuario/cadastrar";s:6:"oculto";s:1:"0";}i:3;a:3:{s:2:"id";s:1:"5";s:3:"url";s:15:"usuario/excluir";s:6:"oculto";s:1:"0";}i:4;a:3:{s:2:"id";s:1:"6";s:3:"url";s:14:"usuario/editar";s:6:"oculto";s:1:"0";}i:5;a:3:{s:2:"id";s:1:"7";s:3:"url";s:15:"permissao/index";s:6:"oculto";s:1:"0";}i:6;a:3:{s:2:"id";s:1:"8";s:3:"url";s:19:"permissao/cadastrar";s:6:"oculto";s:1:"0";}i:7;a:3:{s:2:"id";s:1:"9";s:3:"url";s:17:"permissao/alterar";s:6:"oculto";s:1:"0";}i:8;a:3:{s:2:"id";s:2:"10";s:3:"url";s:17:"permissao/excluir";s:6:"oculto";s:1:"0";}i:9;a:3:{s:2:"id";s:2:"11";s:3:"url";s:16:"permissao/editar";s:6:"oculto";s:1:"0";}}sidebarLinks|a:2:{s:7:"usuario";a:5:{i:0;s:5:"index";i:1;s:7:"mostrar";i:2;s:9:"cadastrar";i:3;s:7:"excluir";i:4;s:6:"editar";}s:9:"permissao";a:5:{i:0;s:5:"index";i:1;s:9:"cadastrar";i:2;s:7:"alterar";i:3;s:7:"excluir";i:4;s:6:"editar";}}'),
('fb44c585cb935e091bac5846e356cb52ddd47a16', '127.0.0.1', 1440301649, '__ci_last_regenerate|i:1440301622;nick|s:5:"admin";estaLogado|b:1;permissoes|a:10:{i:0;a:3:{s:2:"id";s:1:"2";s:3:"url";s:13:"usuario/index";s:6:"oculto";s:1:"0";}i:1;a:3:{s:2:"id";s:1:"3";s:3:"url";s:15:"usuario/mostrar";s:6:"oculto";s:1:"0";}i:2;a:3:{s:2:"id";s:1:"4";s:3:"url";s:17:"usuario/cadastrar";s:6:"oculto";s:1:"0";}i:3;a:3:{s:2:"id";s:1:"5";s:3:"url";s:15:"usuario/excluir";s:6:"oculto";s:1:"0";}i:4;a:3:{s:2:"id";s:1:"6";s:3:"url";s:14:"usuario/editar";s:6:"oculto";s:1:"0";}i:5;a:3:{s:2:"id";s:1:"7";s:3:"url";s:15:"permissao/index";s:6:"oculto";s:1:"0";}i:6;a:3:{s:2:"id";s:1:"8";s:3:"url";s:19:"permissao/cadastrar";s:6:"oculto";s:1:"0";}i:7;a:3:{s:2:"id";s:1:"9";s:3:"url";s:17:"permissao/alterar";s:6:"oculto";s:1:"0";}i:8;a:3:{s:2:"id";s:2:"10";s:3:"url";s:17:"permissao/excluir";s:6:"oculto";s:1:"0";}i:9;a:3:{s:2:"id";s:2:"11";s:3:"url";s:16:"permissao/editar";s:6:"oculto";s:1:"0";}}sidebarLinks|a:2:{s:7:"usuario";a:5:{i:0;s:5:"index";i:1;s:7:"mostrar";i:2;s:9:"cadastrar";i:3;s:7:"excluir";i:4;s:6:"editar";}s:9:"permissao";a:5:{i:0;s:5:"index";i:1;s:9:"cadastrar";i:2;s:7:"alterar";i:3;s:7:"excluir";i:4;s:6:"editar";}}'),
('fb9ff5add4ae5293a3735cb00b7b3efcce18e4cd', '127.0.0.1', 1439494855, '__ci_last_regenerate|i:1439494855;nick|s:5:"admin";estaLogado|b:1;permissoes|a:3:{i:0;s:19:"paginainicial/index";i:1;s:13:"usuario/index";i:2;s:15:"usuario/mostrar";}'),
('fd4be3738824666d600f99ed872b1a6bb9308b59', '127.0.0.1', 1439579294, '__ci_last_regenerate|i:1439579267;nick|s:5:"admin";estaLogado|b:1;permissoes|a:10:{i:0;a:3:{s:2:"id";s:1:"2";s:3:"url";s:13:"usuario/index";s:6:"oculto";s:1:"0";}i:1;a:3:{s:2:"id";s:1:"3";s:3:"url";s:15:"usuario/mostrar";s:6:"oculto";s:1:"0";}i:2;a:3:{s:2:"id";s:1:"4";s:3:"url";s:17:"usuario/cadastrar";s:6:"oculto";s:1:"0";}i:3;a:3:{s:2:"id";s:1:"5";s:3:"url";s:15:"usuario/excluir";s:6:"oculto";s:1:"0";}i:4;a:3:{s:2:"id";s:1:"6";s:3:"url";s:14:"usuario/editar";s:6:"oculto";s:1:"0";}i:5;a:3:{s:2:"id";s:1:"7";s:3:"url";s:15:"permissao/index";s:6:"oculto";s:1:"0";}i:6;a:3:{s:2:"id";s:1:"8";s:3:"url";s:19:"permissao/cadastrar";s:6:"oculto";s:1:"0";}i:7;a:3:{s:2:"id";s:1:"9";s:3:"url";s:17:"permissao/alterar";s:6:"oculto";s:1:"0";}i:8;a:3:{s:2:"id";s:2:"10";s:3:"url";s:17:"permissao/excluir";s:6:"oculto";s:1:"0";}i:9;a:3:{s:2:"id";s:2:"11";s:3:"url";s:16:"permissao/editar";s:6:"oculto";s:1:"0";}}sidebarLinks|a:2:{s:7:"usuario";a:5:{i:0;s:5:"index";i:1;s:7:"mostrar";i:2;s:9:"cadastrar";i:3;s:7:"excluir";i:4;s:6:"editar";}s:9:"permissao";a:5:{i:0;s:5:"index";i:1;s:9:"cadastrar";i:2;s:7:"alterar";i:3;s:7:"excluir";i:4;s:6:"editar";}}'),
('fd80d2f1378e4ce35666ce34eaa99822cad355a4', '127.0.0.1', 1439866099, '__ci_last_regenerate|i:1439866069;nick|s:5:"admin";estaLogado|b:1;permissoes|a:10:{i:0;a:3:{s:2:"id";s:1:"2";s:3:"url";s:13:"usuario/index";s:6:"oculto";s:1:"0";}i:1;a:3:{s:2:"id";s:1:"3";s:3:"url";s:15:"usuario/mostrar";s:6:"oculto";s:1:"0";}i:2;a:3:{s:2:"id";s:1:"4";s:3:"url";s:17:"usuario/cadastrar";s:6:"oculto";s:1:"0";}i:3;a:3:{s:2:"id";s:1:"5";s:3:"url";s:15:"usuario/excluir";s:6:"oculto";s:1:"0";}i:4;a:3:{s:2:"id";s:1:"6";s:3:"url";s:14:"usuario/editar";s:6:"oculto";s:1:"0";}i:5;a:3:{s:2:"id";s:1:"7";s:3:"url";s:15:"permissao/index";s:6:"oculto";s:1:"0";}i:6;a:3:{s:2:"id";s:1:"8";s:3:"url";s:19:"permissao/cadastrar";s:6:"oculto";s:1:"0";}i:7;a:3:{s:2:"id";s:1:"9";s:3:"url";s:17:"permissao/alterar";s:6:"oculto";s:1:"0";}i:8;a:3:{s:2:"id";s:2:"10";s:3:"url";s:17:"permissao/excluir";s:6:"oculto";s:1:"0";}i:9;a:3:{s:2:"id";s:2:"11";s:3:"url";s:16:"permissao/editar";s:6:"oculto";s:1:"0";}}sidebarLinks|a:2:{s:7:"usuario";a:5:{i:0;s:5:"index";i:1;s:7:"mostrar";i:2;s:9:"cadastrar";i:3;s:7:"excluir";i:4;s:6:"editar";}s:9:"permissao";a:5:{i:0;s:5:"index";i:1;s:9:"cadastrar";i:2;s:7:"alterar";i:3;s:7:"excluir";i:4;s:6:"editar";}}'),
('ffa132e0092e9e623fa9b052d33fa3ae41b8264f', '127.0.0.1', 1439492804, '__ci_last_regenerate|i:1439492617;');

-- --------------------------------------------------------

--
-- Estrutura da tabela `link`
--

CREATE TABLE IF NOT EXISTS `link` (
  `id` int(11) NOT NULL,
  `url` varchar(50) NOT NULL,
  `oculto` tinyint(1) DEFAULT NULL
) ENGINE=InnoDB AUTO_INCREMENT=12 DEFAULT CHARSET=latin1;

--
-- Extraindo dados da tabela `link`
--

INSERT INTO `link` (`id`, `url`, `oculto`) VALUES
(1, 'paginainicial/index', 1),
(2, 'usuario/index', 0),
(3, 'usuario/mostrar', 0),
(4, 'usuario/cadastrar', 0),
(5, 'usuario/excluir', 0),
(6, 'usuario/editar', 0),
(7, 'permissao/index', 0),
(8, 'permissao/cadastrar', 0),
(9, 'permissao/alterar', 0),
(10, 'permissao/excluir', 0),
(11, 'permissao/editar', 0);

-- --------------------------------------------------------

--
-- Estrutura da tabela `permissao`
--

CREATE TABLE IF NOT EXISTS `permissao` (
  `id` int(11) NOT NULL,
  `usuarioId` int(11) NOT NULL,
  `linkId` int(11) NOT NULL
) ENGINE=InnoDB DEFAULT CHARSET=latin1;

--
-- Extraindo dados da tabela `permissao`
--

INSERT INTO `permissao` (`id`, `usuarioId`, `linkId`) VALUES
(0, 0, 0),
(1, 1, 1),
(2, 0, 2),
(3, 0, 3),
(4, 0, 4),
(5, 0, 5),
(6, 0, 6),
(7, 0, 7),
(8, 0, 8),
(9, 0, 9),
(10, 0, 10),
(11, 0, 11);

-- --------------------------------------------------------

--
-- Estrutura da tabela `usuario`
--

CREATE TABLE IF NOT EXISTS `usuario` (
  `id` int(11) NOT NULL,
  `nick` varchar(50) NOT NULL,
  `senha` varchar(50) NOT NULL,
  `pessoa_id` int(11) NOT NULL
) ENGINE=InnoDB DEFAULT CHARSET=latin1;

--
-- Extraindo dados da tabela `usuario`
--

INSERT INTO `usuario` (`id`, `nick`, `senha`, `pessoa_id`) VALUES
(0, 'admin', 'admin123', 1),
(1, 'getulio', 'getulio', 1);

--
-- Indexes for dumped tables
--

--
-- Indexes for table `ci_sessions`
--
ALTER TABLE `ci_sessions`
  ADD PRIMARY KEY (`id`),
  ADD KEY `ci_sessions_timestamp` (`timestamp`);

--
-- Indexes for table `link`
--
ALTER TABLE `link`
  ADD PRIMARY KEY (`id`);

--
-- Indexes for table `permissao`
--
ALTER TABLE `permissao`
  ADD PRIMARY KEY (`id`);

--
-- Indexes for table `usuario`
--
ALTER TABLE `usuario`
  ADD PRIMARY KEY (`id`);

--
-- AUTO_INCREMENT for dumped tables
--

--
-- AUTO_INCREMENT for table `link`
--
ALTER TABLE `link`
  MODIFY `id` int(11) NOT NULL AUTO_INCREMENT,AUTO_INCREMENT=12;
/*!40101 SET CHARACTER_SET_CLIENT=@OLD_CHARACTER_SET_CLIENT */;
/*!40101 SET CHARACTER_SET_RESULTS=@OLD_CHARACTER_SET_RESULTS */;
/*!40101 SET COLLATION_CONNECTION=@OLD_COLLATION_CONNECTION */;
